--
-- PostgreSQL database dump
--

-- Dumped from database version 17.0
-- Dumped by pg_dump version 17.0

SET statement_timeout = 0;
SET lock_timeout = 0;
SET idle_in_transaction_session_timeout = 0;
SET transaction_timeout = 0;
SET client_encoding = 'UTF8';
SET standard_conforming_strings = on;
SELECT pg_catalog.set_config('search_path', '', false);
SET check_function_bodies = false;
SET xmloption = content;
SET client_min_messages = warning;
SET row_security = off;

SET default_tablespace = '';

SET default_table_access_method = heap;

--
-- Name: event_notifications; Type: TABLE; Schema: public; Owner: postgres
--

CREATE TABLE public.event_notifications (
    event_id integer NOT NULL,
    notification_id integer NOT NULL
);


ALTER TABLE public.event_notifications OWNER TO postgres;

--
-- Name: event_participants; Type: TABLE; Schema: public; Owner: postgres
--

CREATE TABLE public.event_participants (
    event_id integer NOT NULL,
    student_id character varying(255) NOT NULL
);


ALTER TABLE public.event_participants OWNER TO postgres;

--
-- Name: events; Type: TABLE; Schema: public; Owner: postgres
--

CREATE TABLE public.events (
    event_id integer NOT NULL,
    event_name character varying(255),
    event_description character varying(255),
    event_start timestamp without time zone,
    event_end timestamp without time zone,
    location character varying(255),
    organizer_id integer,
    google_event_id character varying(255)
);


ALTER TABLE public.events OWNER TO postgres;

--
-- Name: events_event_id_seq; Type: SEQUENCE; Schema: public; Owner: postgres
--

CREATE SEQUENCE public.events_event_id_seq
    AS integer
    START WITH 1
    INCREMENT BY 1
    NO MINVALUE
    NO MAXVALUE
    CACHE 1;


ALTER SEQUENCE public.events_event_id_seq OWNER TO postgres;

--
-- Name: events_event_id_seq; Type: SEQUENCE OWNED BY; Schema: public; Owner: postgres
--

ALTER SEQUENCE public.events_event_id_seq OWNED BY public.events.event_id;


--
-- Name: favorite_subject; Type: TABLE; Schema: public; Owner: postgres
--

CREATE TABLE public.favorite_subject (
    study_buddy_id character varying(255),
    favorite_subject character varying(255),
    id integer NOT NULL
);


ALTER TABLE public.favorite_subject OWNER TO postgres;

--
-- Name: favorite_subject_id_seq; Type: SEQUENCE; Schema: public; Owner: postgres
--

ALTER TABLE public.favorite_subject ALTER COLUMN id ADD GENERATED BY DEFAULT AS IDENTITY (
    SEQUENCE NAME public.favorite_subject_id_seq
    START WITH 1
    INCREMENT BY 1
    NO MINVALUE
    NO MAXVALUE
    CACHE 1
);


--
-- Name: hobbies; Type: TABLE; Schema: public; Owner: postgres
--

CREATE TABLE public.hobbies (
    id integer NOT NULL,
    interest character varying(255)
);


ALTER TABLE public.hobbies OWNER TO postgres;

--
-- Name: hobbies_id_seq; Type: SEQUENCE; Schema: public; Owner: postgres
--

CREATE SEQUENCE public.hobbies_id_seq
    AS integer
    START WITH 1
    INCREMENT BY 1
    NO MINVALUE
    NO MAXVALUE
    CACHE 1;


ALTER SEQUENCE public.hobbies_id_seq OWNER TO postgres;

--
-- Name: hobbies_id_seq; Type: SEQUENCE OWNED BY; Schema: public; Owner: postgres
--

ALTER SEQUENCE public.hobbies_id_seq OWNED BY public.hobbies.id;


--
-- Name: maps; Type: TABLE; Schema: public; Owner: postgres
--

CREATE TABLE public.maps (
    id integer NOT NULL,
    location character varying(255)
);


ALTER TABLE public.maps OWNER TO postgres;

--
-- Name: maps_id_seq; Type: SEQUENCE; Schema: public; Owner: postgres
--

CREATE SEQUENCE public.maps_id_seq
    AS integer
    START WITH 1
    INCREMENT BY 1
    NO MINVALUE
    NO MAXVALUE
    CACHE 1;


ALTER SEQUENCE public.maps_id_seq OWNER TO postgres;

--
-- Name: maps_id_seq; Type: SEQUENCE OWNED BY; Schema: public; Owner: postgres
--

ALTER SEQUENCE public.maps_id_seq OWNED BY public.maps.id;


--
-- Name: module; Type: TABLE; Schema: public; Owner: postgres
--

CREATE TABLE public.module (
    module_code character varying(255) NOT NULL,
    major character varying(255),
    module_name character varying(255),
    lecturers character varying(255)
);


ALTER TABLE public.module OWNER TO postgres;

--
-- Name: notifications; Type: TABLE; Schema: public; Owner: postgres
--

CREATE TABLE public.notifications (
    notification_id integer NOT NULL,
    student_id character varying(255),
    message character varying(255),
    created_at timestamp without time zone DEFAULT CURRENT_TIMESTAMP,
    is_read boolean DEFAULT false
);


ALTER TABLE public.notifications OWNER TO postgres;

--
-- Name: notifications_notification_id_seq; Type: SEQUENCE; Schema: public; Owner: postgres
--

CREATE SEQUENCE public.notifications_notification_id_seq
    AS integer
    START WITH 1
    INCREMENT BY 1
    NO MINVALUE
    NO MAXVALUE
    CACHE 1;


ALTER SEQUENCE public.notifications_notification_id_seq OWNER TO postgres;

--
-- Name: notifications_notification_id_seq; Type: SEQUENCE OWNED BY; Schema: public; Owner: postgres
--

ALTER SEQUENCE public.notifications_notification_id_seq OWNED BY public.notifications.notification_id;


--
-- Name: organizers; Type: TABLE; Schema: public; Owner: postgres
--

CREATE TABLE public.organizers (
    id integer NOT NULL,
    email character varying(255) NOT NULL,
    name character varying(255)
);


ALTER TABLE public.organizers OWNER TO postgres;

--
-- Name: organizers_id_seq; Type: SEQUENCE; Schema: public; Owner: postgres
--

CREATE SEQUENCE public.organizers_id_seq
    AS integer
    START WITH 1
    INCREMENT BY 1
    NO MINVALUE
    NO MAXVALUE
    CACHE 1;


ALTER SEQUENCE public.organizers_id_seq OWNER TO postgres;

--
-- Name: organizers_id_seq; Type: SEQUENCE OWNED BY; Schema: public; Owner: postgres
--

ALTER SEQUENCE public.organizers_id_seq OWNED BY public.organizers.id;


--
-- Name: prefer_place_to_study; Type: TABLE; Schema: public; Owner: postgres
--

CREATE TABLE public.prefer_place_to_study (
    id integer NOT NULL,
    place character varying(255)
);


ALTER TABLE public.prefer_place_to_study OWNER TO postgres;

--
-- Name: prefer_place_to_study_id_seq; Type: SEQUENCE; Schema: public; Owner: postgres
--

CREATE SEQUENCE public.prefer_place_to_study_id_seq
    AS integer
    START WITH 1
    INCREMENT BY 1
    NO MINVALUE
    NO MAXVALUE
    CACHE 1;


ALTER SEQUENCE public.prefer_place_to_study_id_seq OWNER TO postgres;

--
-- Name: prefer_place_to_study_id_seq; Type: SEQUENCE OWNED BY; Schema: public; Owner: postgres
--

ALTER SEQUENCE public.prefer_place_to_study_id_seq OWNED BY public.prefer_place_to_study.id;


--
-- Name: prefer_time_to_study; Type: TABLE; Schema: public; Owner: postgres
--

CREATE TABLE public.prefer_time_to_study (
    id integer NOT NULL,
    "time" character varying(255)
);


ALTER TABLE public.prefer_time_to_study OWNER TO postgres;

--
-- Name: prefer_time_to_study_id_seq; Type: SEQUENCE; Schema: public; Owner: postgres
--

CREATE SEQUENCE public.prefer_time_to_study_id_seq
    AS integer
    START WITH 1
    INCREMENT BY 1
    NO MINVALUE
    NO MAXVALUE
    CACHE 1;


ALTER SEQUENCE public.prefer_time_to_study_id_seq OWNER TO postgres;

--
-- Name: prefer_time_to_study_id_seq; Type: SEQUENCE OWNED BY; Schema: public; Owner: postgres
--

ALTER SEQUENCE public.prefer_time_to_study_id_seq OWNED BY public.prefer_time_to_study.id;


--
-- Name: resources; Type: TABLE; Schema: public; Owner: postgres
--

CREATE TABLE public.resources (
    id integer NOT NULL,
    module_code character varying(255),
    lecture_number integer,
    reference_slide integer[],
    homework_link text[]
);


ALTER TABLE public.resources OWNER TO postgres;

--
-- Name: resources_id_seq; Type: SEQUENCE; Schema: public; Owner: postgres
--

CREATE SEQUENCE public.resources_id_seq
    AS integer
    START WITH 1
    INCREMENT BY 1
    NO MINVALUE
    NO MAXVALUE
    CACHE 1;


ALTER SEQUENCE public.resources_id_seq OWNER TO postgres;

--
-- Name: resources_id_seq; Type: SEQUENCE OWNED BY; Schema: public; Owner: postgres
--

ALTER SEQUENCE public.resources_id_seq OWNED BY public.resources.id;


--
-- Name: schedules; Type: TABLE; Schema: public; Owner: postgres
--

CREATE TABLE public.schedules (
    id integer NOT NULL,
    module_code character varying(255),
    module_name character varying(255),
    start_time time without time zone,
    end_time time without time zone,
    location_id integer,
    room character varying(255),
    reference_slide integer
);


ALTER TABLE public.schedules OWNER TO postgres;

--
-- Name: schedules_id_seq; Type: SEQUENCE; Schema: public; Owner: postgres
--

CREATE SEQUENCE public.schedules_id_seq
    AS integer
    START WITH 1
    INCREMENT BY 1
    NO MINVALUE
    NO MAXVALUE
    CACHE 1;


ALTER SEQUENCE public.schedules_id_seq OWNER TO postgres;

--
-- Name: schedules_id_seq; Type: SEQUENCE OWNED BY; Schema: public; Owner: postgres
--

ALTER SEQUENCE public.schedules_id_seq OWNED BY public.schedules.id;


--
-- Name: student; Type: TABLE; Schema: public; Owner: postgres
--

CREATE TABLE public.student (
    id character varying(255) NOT NULL,
    fullname character varying(255),
    gender smallint,
    major character varying(255),
    dob timestamp(6) without time zone,
    study_year smallint,
    full_name character varying(255) NOT NULL,
    password character varying(255),
    role character varying(255),
    phone character varying(255),
    email character varying(255),
    CONSTRAINT student_role_check CHECK (((role)::text = ANY ((ARRAY['USER'::character varying, 'ADMIN'::character varying])::text[])))
);


ALTER TABLE public.student OWNER TO postgres;

--
-- Name: study_buddy; Type: TABLE; Schema: public; Owner: postgres
--

CREATE TABLE public.study_buddy (
    student_id character varying(255) NOT NULL,
    descriptions character varying(255),
    personality character varying(255),
    communication_style character varying(255),
    looking_for character varying(255)
);


ALTER TABLE public.study_buddy OWNER TO postgres;

--
-- Name: study_buddy_interests; Type: TABLE; Schema: public; Owner: postgres
--

CREATE TABLE public.study_buddy_interests (
    study_buddy_id character varying(255),
    hobby_id integer
);


ALTER TABLE public.study_buddy_interests OWNER TO postgres;

--
-- Name: study_buddy_place_study; Type: TABLE; Schema: public; Owner: postgres
--

CREATE TABLE public.study_buddy_place_study (
    study_buddy_id character varying(255),
    place_id integer
);


ALTER TABLE public.study_buddy_place_study OWNER TO postgres;

--
-- Name: study_buddy_time_study; Type: TABLE; Schema: public; Owner: postgres
--

CREATE TABLE public.study_buddy_time_study (
    study_buddy_id character varying(255),
    time_id integer
);


ALTER TABLE public.study_buddy_time_study OWNER TO postgres;

--
-- Name: vpn_event_sessions; Type: TABLE; Schema: public; Owner: postgres
--

CREATE TABLE public.vpn_event_sessions (
    vpn_session_id integer NOT NULL,
    event_id integer NOT NULL
);


ALTER TABLE public.vpn_event_sessions OWNER TO postgres;

--
-- Name: vpn_sessions; Type: TABLE; Schema: public; Owner: postgres
--

CREATE TABLE public.vpn_sessions (
    session_id integer NOT NULL,
    student_id character varying(255),
    start_time timestamp without time zone DEFAULT CURRENT_TIMESTAMP,
    end_time timestamp without time zone,
    ip_address character varying(255),
    status character varying(255),
    CONSTRAINT vpn_sessions_status_check CHECK (((status)::text = ANY (ARRAY[('Active'::character varying)::text, ('Inactive'::character varying)::text])))
);


ALTER TABLE public.vpn_sessions OWNER TO postgres;

--
-- Name: vpn_sessions_session_id_seq; Type: SEQUENCE; Schema: public; Owner: postgres
--

CREATE SEQUENCE public.vpn_sessions_session_id_seq
    AS integer
    START WITH 1
    INCREMENT BY 1
    NO MINVALUE
    NO MAXVALUE
    CACHE 1;


ALTER SEQUENCE public.vpn_sessions_session_id_seq OWNER TO postgres;

--
-- Name: vpn_sessions_session_id_seq; Type: SEQUENCE OWNED BY; Schema: public; Owner: postgres
--

ALTER SEQUENCE public.vpn_sessions_session_id_seq OWNED BY public.vpn_sessions.session_id;


--
-- Name: events event_id; Type: DEFAULT; Schema: public; Owner: postgres
--

ALTER TABLE ONLY public.events ALTER COLUMN event_id SET DEFAULT nextval('public.events_event_id_seq'::regclass);


--
-- Name: hobbies id; Type: DEFAULT; Schema: public; Owner: postgres
--

ALTER TABLE ONLY public.hobbies ALTER COLUMN id SET DEFAULT nextval('public.hobbies_id_seq'::regclass);


--
-- Name: maps id; Type: DEFAULT; Schema: public; Owner: postgres
--

ALTER TABLE ONLY public.maps ALTER COLUMN id SET DEFAULT nextval('public.maps_id_seq'::regclass);


--
-- Name: notifications notification_id; Type: DEFAULT; Schema: public; Owner: postgres
--

ALTER TABLE ONLY public.notifications ALTER COLUMN notification_id SET DEFAULT nextval('public.notifications_notification_id_seq'::regclass);


--
-- Name: organizers id; Type: DEFAULT; Schema: public; Owner: postgres
--

ALTER TABLE ONLY public.organizers ALTER COLUMN id SET DEFAULT nextval('public.organizers_id_seq'::regclass);


--
-- Name: prefer_place_to_study id; Type: DEFAULT; Schema: public; Owner: postgres
--

ALTER TABLE ONLY public.prefer_place_to_study ALTER COLUMN id SET DEFAULT nextval('public.prefer_place_to_study_id_seq'::regclass);


--
-- Name: prefer_time_to_study id; Type: DEFAULT; Schema: public; Owner: postgres
--

ALTER TABLE ONLY public.prefer_time_to_study ALTER COLUMN id SET DEFAULT nextval('public.prefer_time_to_study_id_seq'::regclass);


--
-- Name: resources id; Type: DEFAULT; Schema: public; Owner: postgres
--

ALTER TABLE ONLY public.resources ALTER COLUMN id SET DEFAULT nextval('public.resources_id_seq'::regclass);


--
-- Name: schedules id; Type: DEFAULT; Schema: public; Owner: postgres
--

ALTER TABLE ONLY public.schedules ALTER COLUMN id SET DEFAULT nextval('public.schedules_id_seq'::regclass);


--
-- Name: vpn_sessions session_id; Type: DEFAULT; Schema: public; Owner: postgres
--

ALTER TABLE ONLY public.vpn_sessions ALTER COLUMN session_id SET DEFAULT nextval('public.vpn_sessions_session_id_seq'::regclass);


--
-- Data for Name: event_notifications; Type: TABLE DATA; Schema: public; Owner: postgres
--

COPY public.event_notifications (event_id, notification_id) FROM stdin;
\.


--
-- Data for Name: event_participants; Type: TABLE DATA; Schema: public; Owner: postgres
--

COPY public.event_participants (event_id, student_id) FROM stdin;
\.


--
-- Data for Name: events; Type: TABLE DATA; Schema: public; Owner: postgres
--

COPY public.events (event_id, event_name, event_description, event_start, event_end, location, organizer_id, google_event_id) FROM stdin;
2749	Fr3.1 	No description	2024-11-19 09:25:00	2024-11-19 12:05:00	\N	2	0qu51ddf0s10iitf8m71dq3440_20241119T022500Z
2750	Fr3.1 	No description	2024-11-20 09:25:00	2024-11-20 12:05:00	\N	2	0qu51ddf0s10iitf8m71dq3440_20241120T022500Z
2751	Fr3.1 	No description	2024-11-21 09:25:00	2024-11-21 12:05:00	\N	2	0qu51ddf0s10iitf8m71dq3440_20241121T022500Z
2752	LABWORK G3- Advanced databases	No description	2024-11-18 10:25:00	2024-11-18 12:10:00	A21-5-Computer Room 504 (46)	2	0dmj0vv4r452kbpvsc67ai5lat
2753	DS+ICT Advanced Database - Dr Le Hong Hai	No description	2024-11-22 07:30:00	2024-11-22 10:15:00	A30-1-ICT-Auditorium (138)	2	0vh480vofptlgi96fsubnudjbu_20241122T003000Z
2754	LABWORK G2- Advanced databases	No description	2024-11-18 10:25:00	2024-11-18 12:10:00	A21-6-Computer Room 602 (46)	2	0nonqjsc6u2v9grtoc7qrsl8e8
2755	LABWORK - ICT & DS-Advanced Database	No description	2024-11-18 13:00:00	2024-11-18 14:45:00	A21-5-Computer Room 502 (46)	2	4mugsn76p6s8v3ucn0l8vdg6qd
2756	FINAL EXAM - Web application development	No description	2024-11-18 07:30:00	2024-11-18 09:15:00	A21-8-GED+ICT Auditorium (330), A30-1-ICT-Auditorium (138)	2	072sbndh1a1vtp7lv18v157jof
2757	LABWORK G1- Advanced databases	No description	2024-11-18 13:00:00	2024-11-18 14:45:00	A21-5-Computer Room 504 (46)	2	3uo6954901jc80lagn83ggpb66_20241118T060000Z
2758	Advanced databases - Huynh Vinh Nam	No description	2024-11-21 13:00:00	2024-11-21 15:45:00	VVL- Đào Tấn-8-ICT-Auditorium (180)	2	3uo6954901jc80lagn83ggpb66_20241121T060000Z
2759	ICT & CS - Distributed Systems - Le Nhu Chu Hiep 	No description	2024-11-22 07:30:00	2024-11-22 10:15:00	VVL- Đào Tấn-8-ICT-Auditorium (180)	2	4h68qdi05uf39vmfjl58ktkqmc_20241118T003000Z
2760	ICT & CS - Distributed Systems - Le Nhu Chu Hiep	No description	2024-11-23 13:00:00	2024-11-23 15:45:00	A30-1-ICT-Auditorium (138)	2	3h275vnpnk02enfeln3bo2av8d_20241123T060000Z
2761	CANCEL - CLASS 2 - Object-oriented system analysis and design - Dr. Do Trung Dung	No description	2024-11-20 13:30:00	2024-11-20 16:15:00	\N	2	5v7rgqg5j64jrlcst502sio7jl_20241120T063000Z
2762	CLASS 1 - Object-oriented system analysis and design - Dr. Do Trung Dung	No description	2024-11-19 13:30:00	2024-11-19 16:15:00	A30-1-ICT-Auditorium (138)	2	3ksu35d1ifm2diqq836hq12768_20241119T063000Z
2763	Philosophy	No description	2024-11-23 08:00:00	2024-11-23 11:45:00	\N	18	5b9t8j8qq827ku93tellmrtpel
2764	Signal and systems - Dr. Tran Hoang Tung	No description	2024-11-19 07:30:00	2024-11-19 09:15:00	A30-1-ICT-Auditorium (138)	18	41ui0aqmjj9ops6gsonkbgo1o3_20241119T003000Z
2765	Basic principles of Project managements - Prof. Nguyen Van Hung & A.Prof. Nguyen Hai Dang	No description	2024-11-19 10:25:00	2024-11-19 12:10:00	\N	18	4d9mls9rfn5rs4568tlh65fni8_20241119T022500Z
2766	CS, DS, MATH, BME - Data structure and algorithms - Dr. Doan Nhat	No description	2024-11-22 13:00:00	2024-11-22 15:45:00	A10-4-ICT - Auditorium (140)	18	55smmctf6if7elc145qov2ro1m_20241122T060000Z
2767	LABWORK - G1 CS - Data structures and algorithms 	No description	2024-11-21 13:00:00	2024-11-21 14:45:00	A21-5-Computer Room 502 (46)	18	2bbr72fgh4ml30ijcf7dshvqgt_20241121T060000Z
2768	LABWORK - G2 CS - Data structures and algorithms 	No description	2024-11-21 13:00:00	2024-11-21 14:45:00	A21-5-Computer Room 504 (46)	18	3ro5805po5clr3fqbh8v5jcr8c_20241121T060000Z
2769	CANCEL - Advanced programming with Python - Le Nhu Chu Hiep	No description	2024-11-18 13:00:00	2024-11-18 16:15:00	\N	18	m62mhopq12lam2jt1ae0ftgujc_20241118T060000Z
2770	Signal and systems - Dr. Tran Hoang Tung	No description	2024-11-22 07:30:00	2024-11-22 10:15:00	A10-4-ICT - Auditorium (140)	18	6hoh5uufcbe3iop3sf34og5a2g_20241122T003000Z
2771	CS, DS, MATH, BME - Data structure and algorithms - Dr. Doan Nhat Quang	No description	2024-11-20 07:30:00	2024-11-20 10:15:00	A30-1-ICT-Auditorium (138)	18	1a0mmun2ni7jfki305pg2i51vn_20241120T003000Z
2772	Advanced programming with Python - Le Nhu Chu Hiep	No description	2024-11-21 07:30:00	2024-11-21 11:15:00	A30-1-ICT-Auditorium (138)	18	4uctd389i5ceaqirob3pjjitq4
2773	Basic principles of Project managements - Prof. Nguyen Van Hung & A.Prof. Nguyen Hai Dang	No description	2024-11-21 10:25:00	2024-11-21 12:10:00	A21 Auditorium	686	7uivf6veb7irs3gns652gca26n_20241121T022500Z
2774	[PHI2.001] Triết học/ Philosophy - Đại tá Trần Xuân Bình	No description	2024-11-23 13:00:00	2024-11-23 16:45:00	A21-8-GED+ICT Auditorium (330)	686	7vvagvgjffhntr2um6dbd92jrc_20241123T060000Z
2775	CLASS 2 - Algebraic Structures - Dr. Doan Nhat Quang	No description	2024-11-19 07:30:00	2024-11-19 09:15:00	A10-4-ICT - Auditorium (140)	686	0ar70a5t0qo7mg1dj63tiiqobk_20241119T003000Z
2776	CLASS 2 - Algebraic Structures - Dr. Doan Nhat Quang	No description	2024-11-21 07:30:00	2024-11-21 09:15:00	A10-4-ICT - Auditorium (140)	686	0ar70a5t0qo7mg1dj63tiiqobk_20241121T003000Z
2777	CLASS 1 - Algebraic Structures - Dr. Doan Nhat Quang	No description	2024-11-18 09:25:00	2024-11-18 11:15:00	A10-4-ICT - Auditorium (140)	686	4i7bsm9lkd50gmbtoog1c7k8vu_20241118T022500Z
2778	CLASS 1 - Advanced programming with Python - Dr. Tran Giang Son	No description	2024-11-20 13:00:00	2024-11-20 16:45:00	A10-4-ICT - Auditorium (140)	686	48e4lhhfua95f1e1rrc1p8frc0_20241120T060000Z
2779	CLASS 1 - Algebraic Structures - Dr. Doan Nhat Quang	No description	2024-11-19 09:25:00	2024-11-19 11:15:00	A30-1-ICT-Auditorium (138)	686	9kp5upa2grf073r4dmvnn4n6i7_20241119T022500Z
2780	CLASS 2 - Advanced programming with Python - Dr. Nghiem Thi Phuong & Le Nhu Chu Hiep	No description	2024-11-20 08:25:00	2024-11-20 12:00:00	VVL- Đào Tấn-8-ICT-Auditorium (180)	686	enhcc28uvibpbfjebdkea6kemt_20241120T003000Z
2781	CLASS 2 - Signal and systems - Le Nhu Chu Hiep	No description	2024-11-19 09:25:00	2024-11-19 12:10:00	A10-4-ICT - Auditorium (140)	686	0e7c6pdas1ob2e5qnnq3pgtjau_20241119T022500Z
2782	CLASS 2 - Signal and systems - Le Nhu Chu Hiep	No description	2024-11-23 07:30:00	2024-11-23 10:15:00	A10-4-ICT - Auditorium (140)	686	0e7c6pdas1ob2e5qnnq3pgtjau_20241122T022500Z
2783	CLASS 1 - Signal and systems - Le Nhu Chu Hiep	No description	2024-11-22 13:00:00	2024-11-22 15:45:00	VVL- Đào Tấn-8-ICT-Auditorium (180)	686	54seeh04qb954kg7krkal92qrr_20241122T065500Z
2784	CLASS 1 - Signal and systems - Le Nhu Chu Hiep	No description	2024-11-19 13:55:00	2024-11-19 16:45:00	A10-4-ICT - Auditorium (140)	686	54seeh04qb954kg7krkal92qrr_20241119T065500Z
2785	Test Events- Change 2	No description	2024-11-18 20:30:00	2024-11-18 21:30:00	\N	687	1lt0glr9c6knu2m61lm57bvmel
2786	test events 3	No description	2024-11-18 16:15:00	2024-11-18 17:15:00	\N	687	1jsqpc85nttihj5onnpdtt9p1f
2787	testing	No description	2024-11-21 18:30:00	2024-11-21 19:30:00	\N	687	24v73sv9k0p9nftf6na1l8h7q4
2788	Test Events 2	This is description	2024-11-21 17:00:00	2024-11-21 18:00:00	\N	687	7q57g9g9j83tc7s4aui0jc21pf
\.


--
-- Data for Name: favorite_subject; Type: TABLE DATA; Schema: public; Owner: postgres
--

COPY public.favorite_subject (study_buddy_id, favorite_subject, id) FROM stdin;
\.


--
-- Data for Name: hobbies; Type: TABLE DATA; Schema: public; Owner: postgres
--

COPY public.hobbies (id, interest) FROM stdin;
\.


--
-- Data for Name: maps; Type: TABLE DATA; Schema: public; Owner: postgres
--

COPY public.maps (id, location) FROM stdin;
1	VVL- Đào Tấn-8-ICT-Auditorium (180)
2	A21-6-Computer Room 602 (46)
3	A3-1-ICT-Auditorium (86)
4	A10-4-ICT - Auditorium (140)
5	A21 Auditorium
6	A30-1-ICT-Auditorium (138)
7	A13-3-Auditorium (90)
8	A21-5-Computer Room 504 (46)
9	A21-5-Computer Room 502 (46)
10	A21-8-GED+ICT Auditorium (330), A30-1-ICT-Auditorium (138)
11	A21-8-GED+ICT Auditorium (330)
12	\N
\.


--
-- Data for Name: module; Type: TABLE DATA; Schema: public; Owner: postgres
--

COPY public.module (module_code, major, module_name, lecturers) FROM stdin;
\.


--
-- Data for Name: notifications; Type: TABLE DATA; Schema: public; Owner: postgres
--

COPY public.notifications (notification_id, student_id, message, created_at, is_read) FROM stdin;
\.


--
-- Data for Name: organizers; Type: TABLE DATA; Schema: public; Owner: postgres
--

COPY public.organizers (id, email, name) FROM stdin;
2	ict.usthedu@gmail.com	\N
686	i7p4ol56gi8sqe0dq7uc3m0o4c@group.calendar.google.com	B2 - ICT
687	b69a46455e0f40497a09a7bdb1fb4a3651ee872c8371238487159d5b17944e54@group.calendar.google.com	🍵Daily
18	e65gmijov921l1dbfq2p89ckvo@group.calendar.google.com	B2 - CS
\.


--
-- Data for Name: prefer_place_to_study; Type: TABLE DATA; Schema: public; Owner: postgres
--

COPY public.prefer_place_to_study (id, place) FROM stdin;
\.


--
-- Data for Name: prefer_time_to_study; Type: TABLE DATA; Schema: public; Owner: postgres
--

COPY public.prefer_time_to_study (id, "time") FROM stdin;
\.


--
-- Data for Name: resources; Type: TABLE DATA; Schema: public; Owner: postgres
--

COPY public.resources (id, module_code, lecture_number, reference_slide, homework_link) FROM stdin;
\.


--
-- Data for Name: schedules; Type: TABLE DATA; Schema: public; Owner: postgres
--

COPY public.schedules (id, module_code, module_name, start_time, end_time, location_id, room, reference_slide) FROM stdin;
1	\N	Fr3.1 	09:25:00	12:05:00	\N	\N	\N
2	\N	Fr3.1 	09:25:00	12:05:00	\N	\N	\N
3	\N	Fr3.1 	09:25:00	12:05:00	\N	\N	\N
4	\N	Fr3.1 	09:25:00	12:05:00	\N	\N	\N
5	\N	Advanced databases - Huynh Vinh Nam	13:00:00	15:45:00	\N	\N	\N
6	\N	LABWORK G1- Advanced databases	13:00:00	14:45:00	\N	\N	\N
7	\N	LABWORK G2- Advanced databases	14:55:00	16:45:00	\N	\N	\N
8	\N	LABWORK G3- Advanced databases	10:25:00	12:10:00	\N	\N	\N
9	\N	FINAL EXAM - Scientific Writing	07:30:00	12:00:00	\N	\N	\N
10	\N	DS+ICT Advanced Database - Dr Le Hong Hai	13:00:00	15:45:00	\N	\N	\N
11	\N	LABWORK - ICT & DS-Advanced Database	07:30:00	09:15:00	\N	\N	\N
12	\N	CANCEL - CLASS 1 - Object-oriented system analysis and design - Dr. Do Trung Dung	13:30:00	16:15:00	\N	\N	\N
13	\N	CANCEL - CLASS 2 - Object-oriented system analysis and design - Dr. Do Trung Dung	13:30:00	16:15:00	\N	\N	\N
14	\N	ICT & CS - Distributed Systems - Le Nhu Chu Hiep	13:00:00	15:45:00	\N	\N	\N
15	\N	ICT & CS - Distributed Systems - Le Nhu Chu Hiep	07:30:00	10:15:00	\N	\N	\N
16	\N	Philosophy	08:00:00	11:45:00	\N	\N	\N
17	\N	Signal and systems - Dr. Tran Hoang Tung	07:30:00	09:15:00	\N	\N	\N
18	\N	Midterm - Object-oriented programming	14:55:00	17:40:00	\N	\N	\N
19	\N	DS+CS - Fundamental of Databases - Dr. Nguyễn Hoàng Hà	13:00:00	15:45:00	\N	\N	\N
20	\N	CANCEL - CS, DS, MATH, BME - Data structure and algorithms - Dr. Doan Nhat	13:00:00	15:45:00	\N	\N	\N
21	\N	Basic principles of Project managements - Prof. Nguyen Van Hung & A.Prof. Nguyen Hai Dang	09:25:00	11:15:00	\N	\N	\N
22	\N	MID-TERM - Signal and systems - Dr. Tran Hoang Tung	07:30:00	12:15:00	\N	\N	\N
23	\N	CANCEL - CS, DS, MATH, BME - Data structure and algorithms - Dr. Doan Nhat Quang	07:30:00	10:15:00	\N	\N	\N
24	\N	CANCEL - LABWORK - G1 CS - Data structures and algorithms 	13:00:00	14:45:00	\N	\N	\N
25	\N	CANCEL - LABWORK - G2 CS - Data structures and algorithms 	13:00:00	14:45:00	\N	\N	\N
26	\N	Advanced programming with Python - Le Nhu Chu Hiep	14:55:00	17:40:00	\N	\N	\N
27	\N	Fr3.1 	09:25:00	12:05:00	\N	\N	\N
28	\N	Fr3.1 	09:25:00	12:05:00	\N	\N	\N
29	\N	Fr3.1 	09:25:00	12:05:00	\N	\N	\N
30	\N	Advanced databases - Huynh Vinh Nam	13:00:00	15:45:00	\N	\N	\N
31	\N	LABWORK G1- Advanced databases	13:00:00	14:45:00	\N	\N	\N
32	\N	LABWORK G2- Advanced databases	14:55:00	16:45:00	\N	\N	\N
33	\N	LABWORK G3- Advanced databases	10:25:00	12:10:00	\N	\N	\N
34	\N	FINAL EXAM - Scientific Writing	07:30:00	12:00:00	\N	\N	\N
35	\N	DS+ICT Advanced Database - Dr Le Hong Hai	13:00:00	15:45:00	\N	\N	\N
36	\N	LABWORK - ICT & DS-Advanced Database	07:30:00	09:15:00	\N	\N	\N
37	\N	CANCEL - CLASS 1 - Object-oriented system analysis and design - Dr. Do Trung Dung	13:30:00	16:15:00	\N	\N	\N
38	\N	CANCEL - CLASS 2 - Object-oriented system analysis and design - Dr. Do Trung Dung	13:30:00	16:15:00	\N	\N	\N
39	\N	ICT & CS - Distributed Systems - Le Nhu Chu Hiep	13:00:00	15:45:00	\N	\N	\N
40	\N	ICT & CS - Distributed Systems - Le Nhu Chu Hiep	07:30:00	10:15:00	\N	\N	\N
41	\N	Philosophy	08:00:00	11:45:00	\N	\N	\N
42	\N	Signal and systems - Dr. Tran Hoang Tung	07:30:00	09:15:00	\N	\N	\N
43	\N	Midterm - Object-oriented programming	14:55:00	17:40:00	\N	\N	\N
44	\N	DS+CS - Fundamental of Databases - Dr. Nguyễn Hoàng Hà	13:00:00	15:45:00	\N	\N	\N
45	\N	CANCEL - CS, DS, MATH, BME - Data structure and algorithms - Dr. Doan Nhat	13:00:00	15:45:00	\N	\N	\N
46	\N	Basic principles of Project managements - Prof. Nguyen Van Hung & A.Prof. Nguyen Hai Dang	09:25:00	11:15:00	\N	\N	\N
47	\N	MID-TERM - Signal and systems - Dr. Tran Hoang Tung	07:30:00	12:15:00	\N	\N	\N
48	\N	CANCEL - CS, DS, MATH, BME - Data structure and algorithms - Dr. Doan Nhat Quang	07:30:00	10:15:00	\N	\N	\N
49	\N	CANCEL - LABWORK - G1 CS - Data structures and algorithms 	13:00:00	14:45:00	\N	\N	\N
50	\N	CANCEL - LABWORK - G2 CS - Data structures and algorithms 	13:00:00	14:45:00	\N	\N	\N
51	\N	Advanced programming with Python - Le Nhu Chu Hiep	14:55:00	17:40:00	\N	\N	\N
52	\N	Fr3.1 	09:25:00	12:05:00	\N	\N	\N
53	\N	Fr3.1 	09:25:00	12:05:00	\N	\N	\N
54	\N	Fr3.1 	09:25:00	12:05:00	\N	\N	\N
55	\N	Advanced databases - Huynh Vinh Nam	13:00:00	15:45:00	\N	\N	\N
56	\N	LABWORK G1- Advanced databases	13:00:00	14:45:00	\N	\N	\N
57	\N	LABWORK G2- Advanced databases	14:55:00	16:45:00	\N	\N	\N
58	\N	LABWORK G3- Advanced databases	10:25:00	12:10:00	\N	\N	\N
59	\N	FINAL EXAM - Scientific Writing	07:30:00	12:00:00	\N	\N	\N
60	\N	DS+ICT Advanced Database - Dr Le Hong Hai	13:00:00	15:45:00	\N	\N	\N
61	\N	LABWORK - ICT & DS-Advanced Database	07:30:00	09:15:00	\N	\N	\N
62	\N	CANCEL - CLASS 1 - Object-oriented system analysis and design - Dr. Do Trung Dung	13:30:00	16:15:00	\N	\N	\N
63	\N	CANCEL - CLASS 2 - Object-oriented system analysis and design - Dr. Do Trung Dung	13:30:00	16:15:00	\N	\N	\N
64	\N	ICT & CS - Distributed Systems - Le Nhu Chu Hiep	13:00:00	15:45:00	\N	\N	\N
65	\N	ICT & CS - Distributed Systems - Le Nhu Chu Hiep	07:30:00	10:15:00	\N	\N	\N
66	\N	Philosophy	08:00:00	11:45:00	\N	\N	\N
67	\N	Signal and systems - Dr. Tran Hoang Tung	07:30:00	09:15:00	\N	\N	\N
68	\N	Midterm - Object-oriented programming	14:55:00	17:40:00	\N	\N	\N
69	\N	DS+CS - Fundamental of Databases - Dr. Nguyễn Hoàng Hà	13:00:00	15:45:00	\N	\N	\N
70	\N	CANCEL - CS, DS, MATH, BME - Data structure and algorithms - Dr. Doan Nhat	13:00:00	15:45:00	\N	\N	\N
71	\N	Basic principles of Project managements - Prof. Nguyen Van Hung & A.Prof. Nguyen Hai Dang	09:25:00	11:15:00	\N	\N	\N
72	\N	MID-TERM - Signal and systems - Dr. Tran Hoang Tung	07:30:00	12:15:00	\N	\N	\N
73	\N	CANCEL - CS, DS, MATH, BME - Data structure and algorithms - Dr. Doan Nhat Quang	07:30:00	10:15:00	\N	\N	\N
74	\N	CANCEL - LABWORK - G1 CS - Data structures and algorithms 	13:00:00	14:45:00	\N	\N	\N
75	\N	CANCEL - LABWORK - G2 CS - Data structures and algorithms 	13:00:00	14:45:00	\N	\N	\N
76	\N	Advanced programming with Python - Le Nhu Chu Hiep	14:55:00	17:40:00	\N	\N	\N
77	\N	Fr3.1 	09:25:00	12:05:00	\N	\N	\N
78	\N	Fr3.1 	09:25:00	12:05:00	\N	\N	\N
79	\N	Fr3.1 	09:25:00	12:05:00	\N	\N	\N
80	\N	Advanced databases - Huynh Vinh Nam	13:00:00	15:45:00	\N	\N	\N
81	\N	LABWORK G1- Advanced databases	13:00:00	14:45:00	\N	\N	\N
82	\N	LABWORK G2- Advanced databases	14:55:00	16:45:00	\N	\N	\N
83	\N	LABWORK G3- Advanced databases	10:25:00	12:10:00	\N	\N	\N
84	\N	FINAL EXAM - Scientific Writing	07:30:00	12:00:00	\N	\N	\N
85	\N	DS+ICT Advanced Database - Dr Le Hong Hai	13:00:00	15:45:00	\N	\N	\N
86	\N	LABWORK - ICT & DS-Advanced Database	07:30:00	09:15:00	\N	\N	\N
335	\N	Fr3.1 	09:25:00	12:05:00	\N	\N	\N
87	\N	CANCEL - CLASS 1 - Object-oriented system analysis and design - Dr. Do Trung Dung	13:30:00	16:15:00	\N	\N	\N
88	\N	CANCEL - CLASS 2 - Object-oriented system analysis and design - Dr. Do Trung Dung	13:30:00	16:15:00	\N	\N	\N
89	\N	ICT & CS - Distributed Systems - Le Nhu Chu Hiep	13:00:00	15:45:00	\N	\N	\N
90	\N	ICT & CS - Distributed Systems - Le Nhu Chu Hiep	07:30:00	10:15:00	\N	\N	\N
91	\N	Philosophy	08:00:00	11:45:00	\N	\N	\N
92	\N	Signal and systems - Dr. Tran Hoang Tung	07:30:00	09:15:00	\N	\N	\N
93	\N	Midterm - Object-oriented programming	14:55:00	17:40:00	\N	\N	\N
94	\N	DS+CS - Fundamental of Databases - Dr. Nguyễn Hoàng Hà	13:00:00	15:45:00	\N	\N	\N
95	\N	CANCEL - CS, DS, MATH, BME - Data structure and algorithms - Dr. Doan Nhat	13:00:00	15:45:00	\N	\N	\N
96	\N	Basic principles of Project managements - Prof. Nguyen Van Hung & A.Prof. Nguyen Hai Dang	09:25:00	11:15:00	\N	\N	\N
97	\N	MID-TERM - Signal and systems - Dr. Tran Hoang Tung	07:30:00	12:15:00	\N	\N	\N
98	\N	CANCEL - CS, DS, MATH, BME - Data structure and algorithms - Dr. Doan Nhat Quang	07:30:00	10:15:00	\N	\N	\N
99	\N	CANCEL - LABWORK - G1 CS - Data structures and algorithms 	13:00:00	14:45:00	\N	\N	\N
100	\N	CANCEL - LABWORK - G2 CS - Data structures and algorithms 	13:00:00	14:45:00	\N	\N	\N
101	\N	Advanced programming with Python - Le Nhu Chu Hiep	14:55:00	17:40:00	\N	\N	\N
102	\N	Fr3.1 	09:25:00	12:05:00	\N	\N	\N
103	\N	Fr3.1 	09:25:00	12:05:00	\N	\N	\N
104	\N	Fr3.1 	09:25:00	12:05:00	\N	\N	\N
105	\N	Advanced databases - Huynh Vinh Nam	13:00:00	15:45:00	\N	\N	\N
106	\N	LABWORK G1- Advanced databases	13:00:00	14:45:00	\N	\N	\N
107	\N	LABWORK G2- Advanced databases	14:55:00	16:45:00	\N	\N	\N
108	\N	LABWORK G3- Advanced databases	10:25:00	12:10:00	\N	\N	\N
109	\N	FINAL EXAM - Scientific Writing	07:30:00	12:00:00	\N	\N	\N
110	\N	DS+ICT Advanced Database - Dr Le Hong Hai	13:00:00	15:45:00	\N	\N	\N
111	\N	LABWORK - ICT & DS-Advanced Database	07:30:00	09:15:00	\N	\N	\N
112	\N	CANCEL - CLASS 1 - Object-oriented system analysis and design - Dr. Do Trung Dung	13:30:00	16:15:00	\N	\N	\N
113	\N	CANCEL - CLASS 2 - Object-oriented system analysis and design - Dr. Do Trung Dung	13:30:00	16:15:00	\N	\N	\N
114	\N	ICT & CS - Distributed Systems - Le Nhu Chu Hiep	13:00:00	15:45:00	\N	\N	\N
115	\N	ICT & CS - Distributed Systems - Le Nhu Chu Hiep	07:30:00	10:15:00	\N	\N	\N
116	\N	Philosophy	08:00:00	11:45:00	\N	\N	\N
117	\N	Signal and systems - Dr. Tran Hoang Tung	07:30:00	09:15:00	\N	\N	\N
118	\N	Midterm - Object-oriented programming	14:55:00	17:40:00	\N	\N	\N
119	\N	DS+CS - Fundamental of Databases - Dr. Nguyễn Hoàng Hà	13:00:00	15:45:00	\N	\N	\N
120	\N	CANCEL - CS, DS, MATH, BME - Data structure and algorithms - Dr. Doan Nhat	13:00:00	15:45:00	\N	\N	\N
121	\N	Basic principles of Project managements - Prof. Nguyen Van Hung & A.Prof. Nguyen Hai Dang	09:25:00	11:15:00	\N	\N	\N
122	\N	MID-TERM - Signal and systems - Dr. Tran Hoang Tung	07:30:00	12:15:00	\N	\N	\N
123	\N	CANCEL - CS, DS, MATH, BME - Data structure and algorithms - Dr. Doan Nhat Quang	07:30:00	10:15:00	\N	\N	\N
124	\N	CANCEL - LABWORK - G1 CS - Data structures and algorithms 	13:00:00	14:45:00	\N	\N	\N
125	\N	CANCEL - LABWORK - G2 CS - Data structures and algorithms 	13:00:00	14:45:00	\N	\N	\N
126	\N	Advanced programming with Python - Le Nhu Chu Hiep	14:55:00	17:40:00	\N	\N	\N
127	\N	Fr3.1 	09:25:00	12:05:00	\N	\N	\N
128	\N	Fr3.1 	09:25:00	12:05:00	\N	\N	\N
129	\N	Fr3.1 	09:25:00	12:05:00	\N	\N	\N
130	\N	Advanced databases - Huynh Vinh Nam	13:00:00	15:45:00	\N	\N	\N
131	\N	LABWORK G1- Advanced databases	13:00:00	14:45:00	\N	\N	\N
132	\N	LABWORK G2- Advanced databases	14:55:00	16:45:00	\N	\N	\N
133	\N	LABWORK G3- Advanced databases	10:25:00	12:10:00	\N	\N	\N
134	\N	FINAL EXAM - Scientific Writing	07:30:00	12:00:00	\N	\N	\N
135	\N	DS+ICT Advanced Database - Dr Le Hong Hai	13:00:00	15:45:00	\N	\N	\N
136	\N	LABWORK - ICT & DS-Advanced Database	07:30:00	09:15:00	\N	\N	\N
137	\N	CANCEL - CLASS 1 - Object-oriented system analysis and design - Dr. Do Trung Dung	13:30:00	16:15:00	\N	\N	\N
138	\N	CANCEL - CLASS 2 - Object-oriented system analysis and design - Dr. Do Trung Dung	13:30:00	16:15:00	\N	\N	\N
139	\N	ICT & CS - Distributed Systems - Le Nhu Chu Hiep	13:00:00	15:45:00	\N	\N	\N
140	\N	ICT & CS - Distributed Systems - Le Nhu Chu Hiep	07:30:00	10:15:00	\N	\N	\N
141	\N	Philosophy	08:00:00	11:45:00	\N	\N	\N
142	\N	Signal and systems - Dr. Tran Hoang Tung	07:30:00	09:15:00	\N	\N	\N
143	\N	Midterm - Object-oriented programming	14:55:00	17:40:00	\N	\N	\N
144	\N	DS+CS - Fundamental of Databases - Dr. Nguyễn Hoàng Hà	13:00:00	15:45:00	\N	\N	\N
145	\N	CANCEL - CS, DS, MATH, BME - Data structure and algorithms - Dr. Doan Nhat	13:00:00	15:45:00	\N	\N	\N
146	\N	Basic principles of Project managements - Prof. Nguyen Van Hung & A.Prof. Nguyen Hai Dang	09:25:00	11:15:00	\N	\N	\N
147	\N	MID-TERM - Signal and systems - Dr. Tran Hoang Tung	07:30:00	12:15:00	\N	\N	\N
148	\N	CANCEL - CS, DS, MATH, BME - Data structure and algorithms - Dr. Doan Nhat Quang	07:30:00	10:15:00	\N	\N	\N
149	\N	CANCEL - LABWORK - G1 CS - Data structures and algorithms 	13:00:00	14:45:00	\N	\N	\N
150	\N	CANCEL - LABWORK - G2 CS - Data structures and algorithms 	13:00:00	14:45:00	\N	\N	\N
151	\N	Advanced programming with Python - Le Nhu Chu Hiep	14:55:00	17:40:00	\N	\N	\N
152	\N	Fr3.1 	09:25:00	12:05:00	\N	\N	\N
153	\N	Fr3.1 	09:25:00	12:05:00	\N	\N	\N
154	\N	Fr3.1 	09:25:00	12:05:00	\N	\N	\N
155	\N	LABWORK G2- Advanced databases	14:55:00	16:45:00	\N	\N	\N
156	\N	LABWORK G3- Advanced databases	10:25:00	12:10:00	\N	\N	\N
157	\N	FINAL EXAM - Scientific Writing	07:30:00	12:00:00	\N	\N	\N
158	\N	DS+ICT Advanced Database - Dr Le Hong Hai	13:00:00	15:45:00	\N	\N	\N
159	\N	LABWORK - ICT & DS-Advanced Database	07:30:00	09:15:00	\N	\N	\N
160	\N	CANCEL - CLASS 1 - Object-oriented system analysis and design - Dr. Do Trung Dung	13:30:00	16:15:00	\N	\N	\N
161	\N	CANCEL - CLASS 2 - Object-oriented system analysis and design - Dr. Do Trung Dung	13:30:00	16:15:00	\N	\N	\N
162	\N	LABWORK G1- Advanced databases	13:00:00	14:45:00	\N	\N	\N
163	\N	CANCEL - Advanced databases - Huynh Vinh Nam	13:00:00	15:45:00	\N	\N	\N
164	\N	ICT & CS - Distributed Systems - Le Nhu Chu Hiep	13:00:00	15:45:00	\N	\N	\N
165	\N	ICT & CS - Distributed Systems - Le Nhu Chu Hiep	07:30:00	10:15:00	\N	\N	\N
166	\N	Philosophy	08:00:00	11:45:00	\N	\N	\N
167	\N	Signal and systems - Dr. Tran Hoang Tung	07:30:00	09:15:00	\N	\N	\N
168	\N	Midterm - Object-oriented programming	14:55:00	17:40:00	\N	\N	\N
169	\N	CANCEL - CS, DS, MATH, BME - Data structure and algorithms - Dr. Doan Nhat	13:00:00	15:45:00	\N	\N	\N
336	\N	Fr3.1 	09:25:00	12:05:00	\N	\N	\N
170	\N	Basic principles of Project managements - Prof. Nguyen Van Hung & A.Prof. Nguyen Hai Dang	09:25:00	11:15:00	\N	\N	\N
171	\N	MID-TERM - Signal and systems - Dr. Tran Hoang Tung	07:30:00	12:15:00	\N	\N	\N
172	\N	CANCEL - CS, DS, MATH, BME - Data structure and algorithms - Dr. Doan Nhat Quang	07:30:00	10:15:00	\N	\N	\N
173	\N	CANCEL - LABWORK - G1 CS - Data structures and algorithms 	13:00:00	14:45:00	\N	\N	\N
174	\N	CANCEL - LABWORK - G2 CS - Data structures and algorithms 	13:00:00	14:45:00	\N	\N	\N
175	\N	Advanced programming with Python - Le Nhu Chu Hiep	14:55:00	17:40:00	\N	\N	\N
176	\N	DS+CS - Fundamental of Databases - Dr. Nguyễn Hoàng Hà	13:00:00	15:45:00	\N	\N	\N
177	\N	FINAL EXAM - DS+CS - Fundamental of Databases - Dr. Nguyễn Hoàng Hà	13:30:00	15:30:00	\N	\N	\N
178	\N	Fr3.1 	09:25:00	12:05:00	\N	\N	\N
179	\N	Fr3.1 	09:25:00	12:05:00	\N	\N	\N
180	\N	Fr3.1 	09:25:00	12:05:00	\N	\N	\N
181	\N	LABWORK G2- Advanced databases	14:55:00	16:45:00	\N	\N	\N
182	\N	LABWORK G3- Advanced databases	10:25:00	12:10:00	\N	\N	\N
183	\N	FINAL EXAM - Scientific Writing	07:30:00	12:00:00	\N	\N	\N
184	\N	DS+ICT Advanced Database - Dr Le Hong Hai	13:00:00	15:45:00	\N	\N	\N
185	\N	LABWORK - ICT & DS-Advanced Database	07:30:00	09:15:00	\N	\N	\N
186	\N	CANCEL - CLASS 1 - Object-oriented system analysis and design - Dr. Do Trung Dung	13:30:00	16:15:00	\N	\N	\N
187	\N	CANCEL - CLASS 2 - Object-oriented system analysis and design - Dr. Do Trung Dung	13:30:00	16:15:00	\N	\N	\N
188	\N	LABWORK G1- Advanced databases	13:00:00	14:45:00	\N	\N	\N
189	\N	CANCEL - Advanced databases - Huynh Vinh Nam	13:00:00	15:45:00	\N	\N	\N
190	\N	ICT & CS - Distributed Systems - Le Nhu Chu Hiep	13:00:00	15:45:00	\N	\N	\N
191	\N	ICT & CS - Distributed Systems - Le Nhu Chu Hiep	07:30:00	10:15:00	\N	\N	\N
192	\N	Philosophy	08:00:00	11:45:00	\N	\N	\N
193	\N	Signal and systems - Dr. Tran Hoang Tung	07:30:00	09:15:00	\N	\N	\N
194	\N	Midterm - Object-oriented programming	14:55:00	17:40:00	\N	\N	\N
195	\N	CANCEL - CS, DS, MATH, BME - Data structure and algorithms - Dr. Doan Nhat	13:00:00	15:45:00	\N	\N	\N
196	\N	Basic principles of Project managements - Prof. Nguyen Van Hung & A.Prof. Nguyen Hai Dang	09:25:00	11:15:00	\N	\N	\N
197	\N	MID-TERM - Signal and systems - Dr. Tran Hoang Tung	07:30:00	12:15:00	\N	\N	\N
198	\N	CANCEL - CS, DS, MATH, BME - Data structure and algorithms - Dr. Doan Nhat Quang	07:30:00	10:15:00	\N	\N	\N
199	\N	CANCEL - LABWORK - G1 CS - Data structures and algorithms 	13:00:00	14:45:00	\N	\N	\N
200	\N	CANCEL - LABWORK - G2 CS - Data structures and algorithms 	13:00:00	14:45:00	\N	\N	\N
201	\N	Advanced programming with Python - Le Nhu Chu Hiep	14:55:00	17:40:00	\N	\N	\N
202	\N	DS+CS - Fundamental of Databases - Dr. Nguyễn Hoàng Hà	13:00:00	15:45:00	\N	\N	\N
203	\N	FINAL EXAM - DS+CS - Fundamental of Databases - Dr. Nguyễn Hoàng Hà	13:30:00	15:30:00	\N	\N	\N
204	\N	Fr3.1 	09:25:00	12:05:00	\N	\N	\N
205	\N	Fr3.1 	09:25:00	12:05:00	\N	\N	\N
206	\N	Fr3.1 	09:25:00	12:05:00	\N	\N	\N
207	\N	LABWORK G2- Advanced databases	14:55:00	16:45:00	\N	\N	\N
208	\N	LABWORK G3- Advanced databases	10:25:00	12:10:00	\N	\N	\N
209	\N	FINAL EXAM - Scientific Writing	07:30:00	12:00:00	\N	\N	\N
210	\N	DS+ICT Advanced Database - Dr Le Hong Hai	13:00:00	15:45:00	\N	\N	\N
211	\N	LABWORK - ICT & DS-Advanced Database	07:30:00	09:15:00	\N	\N	\N
212	\N	CANCEL - CLASS 1 - Object-oriented system analysis and design - Dr. Do Trung Dung	13:30:00	16:15:00	\N	\N	\N
213	\N	CANCEL - CLASS 2 - Object-oriented system analysis and design - Dr. Do Trung Dung	13:30:00	16:15:00	\N	\N	\N
214	\N	LABWORK G1- Advanced databases	13:00:00	14:45:00	\N	\N	\N
215	\N	CANCEL - Advanced databases - Huynh Vinh Nam	13:00:00	15:45:00	\N	\N	\N
216	\N	ICT & CS - Distributed Systems - Le Nhu Chu Hiep	13:00:00	15:45:00	\N	\N	\N
217	\N	ICT & CS - Distributed Systems - Le Nhu Chu Hiep	07:30:00	10:15:00	\N	\N	\N
218	\N	Philosophy	08:00:00	11:45:00	\N	\N	\N
219	\N	Signal and systems - Dr. Tran Hoang Tung	07:30:00	09:15:00	\N	\N	\N
220	\N	Midterm - Object-oriented programming	14:55:00	17:40:00	\N	\N	\N
221	\N	CANCEL - CS, DS, MATH, BME - Data structure and algorithms - Dr. Doan Nhat	13:00:00	15:45:00	\N	\N	\N
222	\N	Basic principles of Project managements - Prof. Nguyen Van Hung & A.Prof. Nguyen Hai Dang	09:25:00	11:15:00	\N	\N	\N
223	\N	MID-TERM - Signal and systems - Dr. Tran Hoang Tung	07:30:00	12:15:00	\N	\N	\N
224	\N	CANCEL - CS, DS, MATH, BME - Data structure and algorithms - Dr. Doan Nhat Quang	07:30:00	10:15:00	\N	\N	\N
225	\N	CANCEL - LABWORK - G1 CS - Data structures and algorithms 	13:00:00	14:45:00	\N	\N	\N
226	\N	CANCEL - LABWORK - G2 CS - Data structures and algorithms 	13:00:00	14:45:00	\N	\N	\N
227	\N	Advanced programming with Python - Le Nhu Chu Hiep	14:55:00	17:40:00	\N	\N	\N
228	\N	DS+CS - Fundamental of Databases - Dr. Nguyễn Hoàng Hà	13:00:00	15:45:00	\N	\N	\N
229	\N	FINAL EXAM - DS+CS - Fundamental of Databases - Dr. Nguyễn Hoàng Hà	13:30:00	15:30:00	\N	\N	\N
230	\N	Fr3.1 	09:25:00	12:05:00	\N	\N	\N
231	\N	Fr3.1 	09:25:00	12:05:00	\N	\N	\N
232	\N	Fr3.1 	09:25:00	12:05:00	\N	\N	\N
233	\N	LABWORK G2- Advanced databases	14:55:00	16:45:00	\N	\N	\N
234	\N	LABWORK G3- Advanced databases	10:25:00	12:10:00	\N	\N	\N
235	\N	FINAL EXAM - Scientific Writing	07:30:00	12:00:00	\N	\N	\N
236	\N	DS+ICT Advanced Database - Dr Le Hong Hai	13:00:00	15:45:00	\N	\N	\N
237	\N	LABWORK - ICT & DS-Advanced Database	07:30:00	09:15:00	\N	\N	\N
238	\N	CANCEL - CLASS 1 - Object-oriented system analysis and design - Dr. Do Trung Dung	13:30:00	16:15:00	\N	\N	\N
239	\N	CANCEL - CLASS 2 - Object-oriented system analysis and design - Dr. Do Trung Dung	13:30:00	16:15:00	\N	\N	\N
240	\N	LABWORK G1- Advanced databases	13:00:00	14:45:00	\N	\N	\N
241	\N	CANCEL - Advanced databases - Huynh Vinh Nam	13:00:00	15:45:00	\N	\N	\N
242	\N	ICT & CS - Distributed Systems - Le Nhu Chu Hiep	13:00:00	15:45:00	\N	\N	\N
243	\N	ICT & CS - Distributed Systems - Le Nhu Chu Hiep	07:30:00	10:15:00	\N	\N	\N
244	\N	Philosophy	08:00:00	11:45:00	\N	\N	\N
245	\N	Signal and systems - Dr. Tran Hoang Tung	07:30:00	09:15:00	\N	\N	\N
246	\N	Midterm - Object-oriented programming	14:55:00	17:40:00	\N	\N	\N
247	\N	CANCEL - CS, DS, MATH, BME - Data structure and algorithms - Dr. Doan Nhat	13:00:00	15:45:00	\N	\N	\N
248	\N	Basic principles of Project managements - Prof. Nguyen Van Hung & A.Prof. Nguyen Hai Dang	09:25:00	11:15:00	\N	\N	\N
249	\N	MID-TERM - Signal and systems - Dr. Tran Hoang Tung	07:30:00	12:15:00	\N	\N	\N
250	\N	CANCEL - CS, DS, MATH, BME - Data structure and algorithms - Dr. Doan Nhat Quang	07:30:00	10:15:00	\N	\N	\N
251	\N	CANCEL - LABWORK - G1 CS - Data structures and algorithms 	13:00:00	14:45:00	\N	\N	\N
252	\N	CANCEL - LABWORK - G2 CS - Data structures and algorithms 	13:00:00	14:45:00	\N	\N	\N
253	\N	Advanced programming with Python - Le Nhu Chu Hiep	14:55:00	17:40:00	\N	\N	\N
254	\N	DS+CS - Fundamental of Databases - Dr. Nguyễn Hoàng Hà	13:00:00	15:45:00	\N	\N	\N
255	\N	FINAL EXAM - DS+CS - Fundamental of Databases - Dr. Nguyễn Hoàng Hà	13:30:00	15:30:00	\N	\N	\N
256	\N	Fr3.1 	09:25:00	12:05:00	\N	\N	\N
257	\N	Fr3.1 	09:25:00	12:05:00	\N	\N	\N
258	\N	Fr3.1 	09:25:00	12:05:00	\N	\N	\N
259	\N	LABWORK G2- Advanced databases	14:55:00	16:45:00	\N	\N	\N
260	\N	LABWORK G3- Advanced databases	10:25:00	12:10:00	\N	\N	\N
261	\N	FINAL EXAM - Scientific Writing	07:30:00	12:00:00	\N	\N	\N
262	\N	DS+ICT Advanced Database - Dr Le Hong Hai	13:00:00	15:45:00	\N	\N	\N
263	\N	LABWORK - ICT & DS-Advanced Database	07:30:00	09:15:00	\N	\N	\N
264	\N	CANCEL - CLASS 1 - Object-oriented system analysis and design - Dr. Do Trung Dung	13:30:00	16:15:00	\N	\N	\N
265	\N	CANCEL - CLASS 2 - Object-oriented system analysis and design - Dr. Do Trung Dung	13:30:00	16:15:00	\N	\N	\N
266	\N	LABWORK G1- Advanced databases	13:00:00	14:45:00	\N	\N	\N
267	\N	CANCEL - Advanced databases - Huynh Vinh Nam	13:00:00	15:45:00	\N	\N	\N
268	\N	ICT & CS - Distributed Systems - Le Nhu Chu Hiep	13:00:00	15:45:00	\N	\N	\N
269	\N	ICT & CS - Distributed Systems - Le Nhu Chu Hiep	07:30:00	10:15:00	\N	\N	\N
270	\N	Philosophy	08:00:00	11:45:00	\N	\N	\N
271	\N	Signal and systems - Dr. Tran Hoang Tung	07:30:00	09:15:00	\N	\N	\N
272	\N	Midterm - Object-oriented programming	14:55:00	17:40:00	\N	\N	\N
273	\N	CANCEL - CS, DS, MATH, BME - Data structure and algorithms - Dr. Doan Nhat	13:00:00	15:45:00	\N	\N	\N
274	\N	Basic principles of Project managements - Prof. Nguyen Van Hung & A.Prof. Nguyen Hai Dang	09:25:00	11:15:00	\N	\N	\N
275	\N	MID-TERM - Signal and systems - Dr. Tran Hoang Tung	07:30:00	12:15:00	\N	\N	\N
276	\N	CANCEL - CS, DS, MATH, BME - Data structure and algorithms - Dr. Doan Nhat Quang	07:30:00	10:15:00	\N	\N	\N
277	\N	CANCEL - LABWORK - G1 CS - Data structures and algorithms 	13:00:00	14:45:00	\N	\N	\N
278	\N	CANCEL - LABWORK - G2 CS - Data structures and algorithms 	13:00:00	14:45:00	\N	\N	\N
279	\N	Advanced programming with Python - Le Nhu Chu Hiep	14:55:00	17:40:00	\N	\N	\N
280	\N	DS+CS - Fundamental of Databases - Dr. Nguyễn Hoàng Hà	13:00:00	15:45:00	\N	\N	\N
281	\N	FINAL EXAM - DS+CS - Fundamental of Databases - Dr. Nguyễn Hoàng Hà	13:30:00	15:30:00	\N	\N	\N
282	\N	Fr3.1 	09:25:00	12:05:00	\N	\N	\N
283	\N	Fr3.1 	09:25:00	12:05:00	\N	\N	\N
284	\N	Fr3.1 	09:25:00	12:05:00	\N	\N	\N
285	\N	LABWORK G2- Advanced databases	14:55:00	16:45:00	\N	\N	\N
286	\N	LABWORK G3- Advanced databases	10:25:00	12:10:00	\N	\N	\N
287	\N	FINAL EXAM - Scientific Writing	07:30:00	12:00:00	\N	\N	\N
288	\N	DS+ICT Advanced Database - Dr Le Hong Hai	13:00:00	15:45:00	\N	\N	\N
289	\N	LABWORK - ICT & DS-Advanced Database	07:30:00	09:15:00	\N	\N	\N
290	\N	CANCEL - CLASS 1 - Object-oriented system analysis and design - Dr. Do Trung Dung	13:30:00	16:15:00	\N	\N	\N
291	\N	CANCEL - CLASS 2 - Object-oriented system analysis and design - Dr. Do Trung Dung	13:30:00	16:15:00	\N	\N	\N
292	\N	LABWORK G1- Advanced databases	13:00:00	14:45:00	\N	\N	\N
293	\N	CANCEL - Advanced databases - Huynh Vinh Nam	13:00:00	15:45:00	\N	\N	\N
294	\N	ICT & CS - Distributed Systems - Le Nhu Chu Hiep	13:00:00	15:45:00	\N	\N	\N
295	\N	ICT & CS - Distributed Systems - Le Nhu Chu Hiep	07:30:00	10:15:00	\N	\N	\N
296	\N	Philosophy	08:00:00	11:45:00	\N	\N	\N
297	\N	Signal and systems - Dr. Tran Hoang Tung	07:30:00	09:15:00	\N	\N	\N
298	\N	Midterm - Object-oriented programming	14:55:00	17:40:00	\N	\N	\N
299	\N	CANCEL - CS, DS, MATH, BME - Data structure and algorithms - Dr. Doan Nhat	13:00:00	15:45:00	\N	\N	\N
300	\N	Basic principles of Project managements - Prof. Nguyen Van Hung & A.Prof. Nguyen Hai Dang	09:25:00	11:15:00	\N	\N	\N
301	\N	MID-TERM - Signal and systems - Dr. Tran Hoang Tung	07:30:00	12:15:00	\N	\N	\N
302	\N	CANCEL - CS, DS, MATH, BME - Data structure and algorithms - Dr. Doan Nhat Quang	07:30:00	10:15:00	\N	\N	\N
303	\N	CANCEL - LABWORK - G1 CS - Data structures and algorithms 	13:00:00	14:45:00	\N	\N	\N
304	\N	CANCEL - LABWORK - G2 CS - Data structures and algorithms 	13:00:00	14:45:00	\N	\N	\N
305	\N	Advanced programming with Python - Le Nhu Chu Hiep	14:55:00	17:40:00	\N	\N	\N
306	\N	DS+CS - Fundamental of Databases - Dr. Nguyễn Hoàng Hà	13:00:00	15:45:00	\N	\N	\N
307	\N	FINAL EXAM - DS+CS - Fundamental of Databases - Dr. Nguyễn Hoàng Hà	13:30:00	15:30:00	\N	\N	\N
308	\N	Fr3.1 	09:25:00	12:05:00	\N	\N	\N
309	\N	Fr3.1 	09:25:00	12:05:00	\N	\N	\N
310	\N	Fr3.1 	09:25:00	12:05:00	\N	\N	\N
311	\N	LABWORK G2- Advanced databases	14:55:00	16:45:00	\N	\N	\N
312	\N	LABWORK G3- Advanced databases	10:25:00	12:10:00	\N	\N	\N
313	\N	FINAL EXAM - Scientific Writing	07:30:00	12:00:00	\N	\N	\N
314	\N	DS+ICT Advanced Database - Dr Le Hong Hai	13:00:00	15:45:00	\N	\N	\N
315	\N	LABWORK - ICT & DS-Advanced Database	07:30:00	09:15:00	\N	\N	\N
316	\N	CANCEL - CLASS 1 - Object-oriented system analysis and design - Dr. Do Trung Dung	13:30:00	16:15:00	\N	\N	\N
317	\N	CANCEL - CLASS 2 - Object-oriented system analysis and design - Dr. Do Trung Dung	13:30:00	16:15:00	\N	\N	\N
318	\N	LABWORK G1- Advanced databases	13:00:00	14:45:00	\N	\N	\N
319	\N	CANCEL - Advanced databases - Huynh Vinh Nam	13:00:00	15:45:00	\N	\N	\N
320	\N	ICT & CS - Distributed Systems - Le Nhu Chu Hiep	13:00:00	15:45:00	\N	\N	\N
321	\N	ICT & CS - Distributed Systems - Le Nhu Chu Hiep	07:30:00	10:15:00	\N	\N	\N
322	\N	Philosophy	08:00:00	11:45:00	\N	\N	\N
323	\N	Signal and systems - Dr. Tran Hoang Tung	07:30:00	09:15:00	\N	\N	\N
324	\N	Midterm - Object-oriented programming	14:55:00	17:40:00	\N	\N	\N
325	\N	CANCEL - CS, DS, MATH, BME - Data structure and algorithms - Dr. Doan Nhat	13:00:00	15:45:00	\N	\N	\N
326	\N	Basic principles of Project managements - Prof. Nguyen Van Hung & A.Prof. Nguyen Hai Dang	09:25:00	11:15:00	\N	\N	\N
327	\N	MID-TERM - Signal and systems - Dr. Tran Hoang Tung	07:30:00	12:15:00	\N	\N	\N
328	\N	CANCEL - CS, DS, MATH, BME - Data structure and algorithms - Dr. Doan Nhat Quang	07:30:00	10:15:00	\N	\N	\N
329	\N	CANCEL - LABWORK - G1 CS - Data structures and algorithms 	13:00:00	14:45:00	\N	\N	\N
330	\N	CANCEL - LABWORK - G2 CS - Data structures and algorithms 	13:00:00	14:45:00	\N	\N	\N
331	\N	Advanced programming with Python - Le Nhu Chu Hiep	14:55:00	17:40:00	\N	\N	\N
332	\N	DS+CS - Fundamental of Databases - Dr. Nguyễn Hoàng Hà	13:00:00	15:45:00	\N	\N	\N
333	\N	FINAL EXAM - DS+CS - Fundamental of Databases - Dr. Nguyễn Hoàng Hà	13:30:00	15:30:00	\N	\N	\N
334	\N	Fr3.1 	09:25:00	12:05:00	\N	\N	\N
337	\N	LABWORK G2- Advanced databases	14:55:00	16:45:00	\N	\N	\N
338	\N	LABWORK G3- Advanced databases	10:25:00	12:10:00	\N	\N	\N
339	\N	FINAL EXAM - Scientific Writing	07:30:00	12:00:00	\N	\N	\N
340	\N	DS+ICT Advanced Database - Dr Le Hong Hai	13:00:00	15:45:00	\N	\N	\N
341	\N	LABWORK - ICT & DS-Advanced Database	07:30:00	09:15:00	\N	\N	\N
342	\N	CANCEL - CLASS 1 - Object-oriented system analysis and design - Dr. Do Trung Dung	13:30:00	16:15:00	\N	\N	\N
343	\N	CANCEL - CLASS 2 - Object-oriented system analysis and design - Dr. Do Trung Dung	13:30:00	16:15:00	\N	\N	\N
344	\N	LABWORK G1- Advanced databases	13:00:00	14:45:00	\N	\N	\N
345	\N	CANCEL - Advanced databases - Huynh Vinh Nam	13:00:00	15:45:00	\N	\N	\N
346	\N	ICT & CS - Distributed Systems - Le Nhu Chu Hiep	13:00:00	15:45:00	\N	\N	\N
347	\N	ICT & CS - Distributed Systems - Le Nhu Chu Hiep	07:30:00	10:15:00	\N	\N	\N
348	\N	Philosophy	08:00:00	11:45:00	\N	\N	\N
349	\N	Signal and systems - Dr. Tran Hoang Tung	07:30:00	09:15:00	\N	\N	\N
350	\N	Midterm - Object-oriented programming	14:55:00	17:40:00	\N	\N	\N
351	\N	CANCEL - CS, DS, MATH, BME - Data structure and algorithms - Dr. Doan Nhat	13:00:00	15:45:00	\N	\N	\N
352	\N	Basic principles of Project managements - Prof. Nguyen Van Hung & A.Prof. Nguyen Hai Dang	09:25:00	11:15:00	\N	\N	\N
353	\N	MID-TERM - Signal and systems - Dr. Tran Hoang Tung	07:30:00	12:15:00	\N	\N	\N
354	\N	CANCEL - CS, DS, MATH, BME - Data structure and algorithms - Dr. Doan Nhat Quang	07:30:00	10:15:00	\N	\N	\N
355	\N	CANCEL - LABWORK - G1 CS - Data structures and algorithms 	13:00:00	14:45:00	\N	\N	\N
356	\N	CANCEL - LABWORK - G2 CS - Data structures and algorithms 	13:00:00	14:45:00	\N	\N	\N
357	\N	Advanced programming with Python - Le Nhu Chu Hiep	14:55:00	17:40:00	\N	\N	\N
358	\N	DS+CS - Fundamental of Databases - Dr. Nguyễn Hoàng Hà	13:00:00	15:45:00	\N	\N	\N
359	\N	FINAL EXAM - DS+CS - Fundamental of Databases - Dr. Nguyễn Hoàng Hà	13:30:00	15:30:00	\N	\N	\N
360	\N	Fr3.1 	09:25:00	12:05:00	\N	\N	\N
361	\N	Fr3.1 	09:25:00	12:05:00	\N	\N	\N
362	\N	Fr3.1 	09:25:00	12:05:00	\N	\N	\N
363	\N	LABWORK G2- Advanced databases	14:55:00	16:45:00	\N	\N	\N
364	\N	LABWORK G3- Advanced databases	10:25:00	12:10:00	\N	\N	\N
365	\N	FINAL EXAM - Scientific Writing	07:30:00	12:00:00	\N	\N	\N
366	\N	DS+ICT Advanced Database - Dr Le Hong Hai	13:00:00	15:45:00	\N	\N	\N
367	\N	LABWORK - ICT & DS-Advanced Database	07:30:00	09:15:00	\N	\N	\N
368	\N	CANCEL - CLASS 1 - Object-oriented system analysis and design - Dr. Do Trung Dung	13:30:00	16:15:00	\N	\N	\N
369	\N	CANCEL - CLASS 2 - Object-oriented system analysis and design - Dr. Do Trung Dung	13:30:00	16:15:00	\N	\N	\N
370	\N	LABWORK G1- Advanced databases	13:00:00	14:45:00	\N	\N	\N
371	\N	CANCEL - Advanced databases - Huynh Vinh Nam	13:00:00	15:45:00	\N	\N	\N
372	\N	ICT & CS - Distributed Systems - Le Nhu Chu Hiep	13:00:00	15:45:00	\N	\N	\N
373	\N	ICT & CS - Distributed Systems - Le Nhu Chu Hiep	07:30:00	10:15:00	\N	\N	\N
374	\N	Philosophy	08:00:00	11:45:00	\N	\N	\N
375	\N	Signal and systems - Dr. Tran Hoang Tung	07:30:00	09:15:00	\N	\N	\N
376	\N	Midterm - Object-oriented programming	14:55:00	17:40:00	\N	\N	\N
377	\N	CANCEL - CS, DS, MATH, BME - Data structure and algorithms - Dr. Doan Nhat	13:00:00	15:45:00	\N	\N	\N
378	\N	Basic principles of Project managements - Prof. Nguyen Van Hung & A.Prof. Nguyen Hai Dang	09:25:00	11:15:00	\N	\N	\N
379	\N	MID-TERM - Signal and systems - Dr. Tran Hoang Tung	07:30:00	12:15:00	\N	\N	\N
380	\N	CANCEL - CS, DS, MATH, BME - Data structure and algorithms - Dr. Doan Nhat Quang	07:30:00	10:15:00	\N	\N	\N
381	\N	CANCEL - LABWORK - G1 CS - Data structures and algorithms 	13:00:00	14:45:00	\N	\N	\N
382	\N	CANCEL - LABWORK - G2 CS - Data structures and algorithms 	13:00:00	14:45:00	\N	\N	\N
383	\N	Advanced programming with Python - Le Nhu Chu Hiep	14:55:00	17:40:00	\N	\N	\N
384	\N	DS+CS - Fundamental of Databases - Dr. Nguyễn Hoàng Hà	13:00:00	15:45:00	\N	\N	\N
385	\N	FINAL EXAM - DS+CS - Fundamental of Databases - Dr. Nguyễn Hoàng Hà	13:30:00	15:30:00	\N	\N	\N
386	\N	Fr3.1 	09:25:00	12:05:00	\N	\N	\N
387	\N	Fr3.1 	09:25:00	12:05:00	\N	\N	\N
388	\N	Fr3.1 	09:25:00	12:05:00	\N	\N	\N
389	\N	LABWORK G2- Advanced databases	14:55:00	16:45:00	\N	\N	\N
390	\N	LABWORK G3- Advanced databases	10:25:00	12:10:00	\N	\N	\N
391	\N	FINAL EXAM - Scientific Writing	07:30:00	12:00:00	\N	\N	\N
392	\N	DS+ICT Advanced Database - Dr Le Hong Hai	13:00:00	15:45:00	\N	\N	\N
393	\N	LABWORK - ICT & DS-Advanced Database	07:30:00	09:15:00	\N	\N	\N
394	\N	CANCEL - CLASS 1 - Object-oriented system analysis and design - Dr. Do Trung Dung	13:30:00	16:15:00	\N	\N	\N
395	\N	CANCEL - CLASS 2 - Object-oriented system analysis and design - Dr. Do Trung Dung	13:30:00	16:15:00	\N	\N	\N
396	\N	LABWORK G1- Advanced databases	13:00:00	14:45:00	\N	\N	\N
397	\N	CANCEL - Advanced databases - Huynh Vinh Nam	13:00:00	15:45:00	\N	\N	\N
398	\N	ICT & CS - Distributed Systems - Le Nhu Chu Hiep	13:00:00	15:45:00	\N	\N	\N
399	\N	ICT & CS - Distributed Systems - Le Nhu Chu Hiep	07:30:00	10:15:00	\N	\N	\N
400	\N	Philosophy	08:00:00	11:45:00	\N	\N	\N
401	\N	Signal and systems - Dr. Tran Hoang Tung	07:30:00	09:15:00	\N	\N	\N
402	\N	Midterm - Object-oriented programming	14:55:00	17:40:00	\N	\N	\N
403	\N	CANCEL - CS, DS, MATH, BME - Data structure and algorithms - Dr. Doan Nhat	13:00:00	15:45:00	\N	\N	\N
404	\N	Basic principles of Project managements - Prof. Nguyen Van Hung & A.Prof. Nguyen Hai Dang	09:25:00	11:15:00	\N	\N	\N
405	\N	MID-TERM - Signal and systems - Dr. Tran Hoang Tung	07:30:00	12:15:00	\N	\N	\N
406	\N	CANCEL - CS, DS, MATH, BME - Data structure and algorithms - Dr. Doan Nhat Quang	07:30:00	10:15:00	\N	\N	\N
407	\N	CANCEL - LABWORK - G1 CS - Data structures and algorithms 	13:00:00	14:45:00	\N	\N	\N
408	\N	CANCEL - LABWORK - G2 CS - Data structures and algorithms 	13:00:00	14:45:00	\N	\N	\N
409	\N	Advanced programming with Python - Le Nhu Chu Hiep	14:55:00	17:40:00	\N	\N	\N
410	\N	DS+CS - Fundamental of Databases - Dr. Nguyễn Hoàng Hà	13:00:00	15:45:00	\N	\N	\N
411	\N	FINAL EXAM - DS+CS - Fundamental of Databases - Dr. Nguyễn Hoàng Hà	13:30:00	15:30:00	\N	\N	\N
412	\N	Fr3.1 	09:25:00	12:05:00	\N	\N	\N
413	\N	Fr3.1 	09:25:00	12:05:00	\N	\N	\N
414	\N	Fr3.1 	09:25:00	12:05:00	\N	\N	\N
415	\N	LABWORK G2- Advanced databases	14:55:00	16:45:00	\N	\N	\N
416	\N	LABWORK G3- Advanced databases	10:25:00	12:10:00	\N	\N	\N
417	\N	FINAL EXAM - Scientific Writing	07:30:00	12:00:00	\N	\N	\N
418	\N	DS+ICT Advanced Database - Dr Le Hong Hai	13:00:00	15:45:00	\N	\N	\N
419	\N	LABWORK - ICT & DS-Advanced Database	07:30:00	09:15:00	\N	\N	\N
420	\N	CANCEL - CLASS 1 - Object-oriented system analysis and design - Dr. Do Trung Dung	13:30:00	16:15:00	\N	\N	\N
421	\N	CANCEL - CLASS 2 - Object-oriented system analysis and design - Dr. Do Trung Dung	13:30:00	16:15:00	\N	\N	\N
422	\N	LABWORK G1- Advanced databases	13:00:00	14:45:00	\N	\N	\N
423	\N	CANCEL - Advanced databases - Huynh Vinh Nam	13:00:00	15:45:00	\N	\N	\N
424	\N	ICT & CS - Distributed Systems - Le Nhu Chu Hiep	13:00:00	15:45:00	\N	\N	\N
425	\N	ICT & CS - Distributed Systems - Le Nhu Chu Hiep	07:30:00	10:15:00	\N	\N	\N
426	\N	Philosophy	08:00:00	11:45:00	\N	\N	\N
427	\N	Signal and systems - Dr. Tran Hoang Tung	07:30:00	09:15:00	\N	\N	\N
428	\N	Midterm - Object-oriented programming	14:55:00	17:40:00	\N	\N	\N
429	\N	CANCEL - CS, DS, MATH, BME - Data structure and algorithms - Dr. Doan Nhat	13:00:00	15:45:00	\N	\N	\N
430	\N	Basic principles of Project managements - Prof. Nguyen Van Hung & A.Prof. Nguyen Hai Dang	09:25:00	11:15:00	\N	\N	\N
431	\N	MID-TERM - Signal and systems - Dr. Tran Hoang Tung	07:30:00	12:15:00	\N	\N	\N
432	\N	CANCEL - CS, DS, MATH, BME - Data structure and algorithms - Dr. Doan Nhat Quang	07:30:00	10:15:00	\N	\N	\N
433	\N	CANCEL - LABWORK - G1 CS - Data structures and algorithms 	13:00:00	14:45:00	\N	\N	\N
434	\N	CANCEL - LABWORK - G2 CS - Data structures and algorithms 	13:00:00	14:45:00	\N	\N	\N
435	\N	Advanced programming with Python - Le Nhu Chu Hiep	14:55:00	17:40:00	\N	\N	\N
436	\N	DS+CS - Fundamental of Databases - Dr. Nguyễn Hoàng Hà	13:00:00	15:45:00	\N	\N	\N
437	\N	FINAL EXAM - DS+CS - Fundamental of Databases - Dr. Nguyễn Hoàng Hà	13:30:00	15:30:00	\N	\N	\N
438	\N	Fr3.1 	09:25:00	12:05:00	\N	\N	\N
439	\N	Fr3.1 	09:25:00	12:05:00	\N	\N	\N
440	\N	Fr3.1 	09:25:00	12:05:00	\N	\N	\N
441	\N	LABWORK G2- Advanced databases	14:55:00	16:45:00	\N	\N	\N
442	\N	LABWORK G3- Advanced databases	10:25:00	12:10:00	\N	\N	\N
443	\N	FINAL EXAM - Scientific Writing	07:30:00	12:00:00	\N	\N	\N
444	\N	DS+ICT Advanced Database - Dr Le Hong Hai	13:00:00	15:45:00	\N	\N	\N
445	\N	LABWORK - ICT & DS-Advanced Database	07:30:00	09:15:00	\N	\N	\N
446	\N	CANCEL - CLASS 1 - Object-oriented system analysis and design - Dr. Do Trung Dung	13:30:00	16:15:00	\N	\N	\N
447	\N	CANCEL - CLASS 2 - Object-oriented system analysis and design - Dr. Do Trung Dung	13:30:00	16:15:00	\N	\N	\N
448	\N	LABWORK G1- Advanced databases	13:00:00	14:45:00	\N	\N	\N
449	\N	CANCEL - Advanced databases - Huynh Vinh Nam	13:00:00	15:45:00	\N	\N	\N
450	\N	ICT & CS - Distributed Systems - Le Nhu Chu Hiep	13:00:00	15:45:00	\N	\N	\N
451	\N	ICT & CS - Distributed Systems - Le Nhu Chu Hiep	07:30:00	10:15:00	\N	\N	\N
452	\N	Philosophy	08:00:00	11:45:00	\N	\N	\N
453	\N	Signal and systems - Dr. Tran Hoang Tung	07:30:00	09:15:00	\N	\N	\N
454	\N	Midterm - Object-oriented programming	14:55:00	17:40:00	\N	\N	\N
455	\N	CANCEL - CS, DS, MATH, BME - Data structure and algorithms - Dr. Doan Nhat	13:00:00	15:45:00	\N	\N	\N
456	\N	Basic principles of Project managements - Prof. Nguyen Van Hung & A.Prof. Nguyen Hai Dang	09:25:00	11:15:00	\N	\N	\N
457	\N	MID-TERM - Signal and systems - Dr. Tran Hoang Tung	07:30:00	12:15:00	\N	\N	\N
458	\N	CANCEL - CS, DS, MATH, BME - Data structure and algorithms - Dr. Doan Nhat Quang	07:30:00	10:15:00	\N	\N	\N
459	\N	CANCEL - LABWORK - G1 CS - Data structures and algorithms 	13:00:00	14:45:00	\N	\N	\N
460	\N	CANCEL - LABWORK - G2 CS - Data structures and algorithms 	13:00:00	14:45:00	\N	\N	\N
461	\N	Advanced programming with Python - Le Nhu Chu Hiep	14:55:00	17:40:00	\N	\N	\N
462	\N	DS+CS - Fundamental of Databases - Dr. Nguyễn Hoàng Hà	13:00:00	15:45:00	\N	\N	\N
463	\N	FINAL EXAM - DS+CS - Fundamental of Databases - Dr. Nguyễn Hoàng Hà	13:30:00	15:30:00	\N	\N	\N
464	\N	Fr3.1 	09:25:00	12:05:00	\N	\N	\N
465	\N	Fr3.1 	09:25:00	12:05:00	\N	\N	\N
466	\N	Fr3.1 	09:25:00	12:05:00	\N	\N	\N
467	\N	LABWORK G2- Advanced databases	14:55:00	16:45:00	\N	\N	\N
468	\N	LABWORK G3- Advanced databases	10:25:00	12:10:00	\N	\N	\N
469	\N	FINAL EXAM - Scientific Writing	07:30:00	12:00:00	\N	\N	\N
470	\N	DS+ICT Advanced Database - Dr Le Hong Hai	13:00:00	15:45:00	\N	\N	\N
471	\N	LABWORK - ICT & DS-Advanced Database	07:30:00	09:15:00	\N	\N	\N
472	\N	CANCEL - CLASS 1 - Object-oriented system analysis and design - Dr. Do Trung Dung	13:30:00	16:15:00	\N	\N	\N
473	\N	CANCEL - CLASS 2 - Object-oriented system analysis and design - Dr. Do Trung Dung	13:30:00	16:15:00	\N	\N	\N
474	\N	LABWORK G1- Advanced databases	13:00:00	14:45:00	\N	\N	\N
475	\N	CANCEL - Advanced databases - Huynh Vinh Nam	13:00:00	15:45:00	\N	\N	\N
476	\N	ICT & CS - Distributed Systems - Le Nhu Chu Hiep	13:00:00	15:45:00	\N	\N	\N
477	\N	ICT & CS - Distributed Systems - Le Nhu Chu Hiep	07:30:00	10:15:00	\N	\N	\N
478	\N	Philosophy	08:00:00	11:45:00	\N	\N	\N
479	\N	Signal and systems - Dr. Tran Hoang Tung	07:30:00	09:15:00	\N	\N	\N
480	\N	Midterm - Object-oriented programming	14:55:00	17:40:00	\N	\N	\N
481	\N	CANCEL - CS, DS, MATH, BME - Data structure and algorithms - Dr. Doan Nhat	13:00:00	15:45:00	\N	\N	\N
482	\N	Basic principles of Project managements - Prof. Nguyen Van Hung & A.Prof. Nguyen Hai Dang	09:25:00	11:15:00	\N	\N	\N
483	\N	MID-TERM - Signal and systems - Dr. Tran Hoang Tung	07:30:00	12:15:00	\N	\N	\N
484	\N	CANCEL - CS, DS, MATH, BME - Data structure and algorithms - Dr. Doan Nhat Quang	07:30:00	10:15:00	\N	\N	\N
485	\N	CANCEL - LABWORK - G1 CS - Data structures and algorithms 	13:00:00	14:45:00	\N	\N	\N
486	\N	CANCEL - LABWORK - G2 CS - Data structures and algorithms 	13:00:00	14:45:00	\N	\N	\N
487	\N	Advanced programming with Python - Le Nhu Chu Hiep	14:55:00	17:40:00	\N	\N	\N
488	\N	DS+CS - Fundamental of Databases - Dr. Nguyễn Hoàng Hà	13:00:00	15:45:00	\N	\N	\N
489	\N	FINAL EXAM - DS+CS - Fundamental of Databases - Dr. Nguyễn Hoàng Hà	13:30:00	15:30:00	\N	\N	\N
490	\N	Fr3.1 	09:25:00	12:05:00	\N	\N	\N
491	\N	Fr3.1 	09:25:00	12:05:00	\N	\N	\N
492	\N	Fr3.1 	09:25:00	12:05:00	\N	\N	\N
493	\N	LABWORK G2- Advanced databases	14:55:00	16:45:00	\N	\N	\N
494	\N	LABWORK G3- Advanced databases	10:25:00	12:10:00	\N	\N	\N
495	\N	FINAL EXAM - Scientific Writing	07:30:00	12:00:00	\N	\N	\N
496	\N	DS+ICT Advanced Database - Dr Le Hong Hai	13:00:00	15:45:00	\N	\N	\N
497	\N	LABWORK - ICT & DS-Advanced Database	07:30:00	09:15:00	\N	\N	\N
498	\N	CANCEL - CLASS 1 - Object-oriented system analysis and design - Dr. Do Trung Dung	13:30:00	16:15:00	\N	\N	\N
499	\N	CANCEL - CLASS 2 - Object-oriented system analysis and design - Dr. Do Trung Dung	13:30:00	16:15:00	\N	\N	\N
500	\N	LABWORK G1- Advanced databases	13:00:00	14:45:00	\N	\N	\N
501	\N	CANCEL - Advanced databases - Huynh Vinh Nam	13:00:00	15:45:00	\N	\N	\N
502	\N	ICT & CS - Distributed Systems - Le Nhu Chu Hiep	13:00:00	15:45:00	\N	\N	\N
503	\N	ICT & CS - Distributed Systems - Le Nhu Chu Hiep	07:30:00	10:15:00	\N	\N	\N
504	\N	Philosophy	08:00:00	11:45:00	\N	\N	\N
505	\N	Signal and systems - Dr. Tran Hoang Tung	07:30:00	09:15:00	\N	\N	\N
506	\N	Midterm - Object-oriented programming	14:55:00	17:40:00	\N	\N	\N
507	\N	CANCEL - CS, DS, MATH, BME - Data structure and algorithms - Dr. Doan Nhat	13:00:00	15:45:00	\N	\N	\N
508	\N	Basic principles of Project managements - Prof. Nguyen Van Hung & A.Prof. Nguyen Hai Dang	09:25:00	11:15:00	\N	\N	\N
509	\N	MID-TERM - Signal and systems - Dr. Tran Hoang Tung	07:30:00	12:15:00	\N	\N	\N
510	\N	CANCEL - CS, DS, MATH, BME - Data structure and algorithms - Dr. Doan Nhat Quang	07:30:00	10:15:00	\N	\N	\N
511	\N	CANCEL - LABWORK - G1 CS - Data structures and algorithms 	13:00:00	14:45:00	\N	\N	\N
512	\N	CANCEL - LABWORK - G2 CS - Data structures and algorithms 	13:00:00	14:45:00	\N	\N	\N
513	\N	Advanced programming with Python - Le Nhu Chu Hiep	14:55:00	17:40:00	\N	\N	\N
514	\N	DS+CS - Fundamental of Databases - Dr. Nguyễn Hoàng Hà	13:00:00	15:45:00	\N	\N	\N
515	\N	FINAL EXAM - DS+CS - Fundamental of Databases - Dr. Nguyễn Hoàng Hà	13:30:00	15:30:00	\N	\N	\N
516	\N	Fr3.1 	09:25:00	12:05:00	\N	\N	\N
517	\N	Fr3.1 	09:25:00	12:05:00	\N	\N	\N
518	\N	Fr3.1 	09:25:00	12:05:00	\N	\N	\N
519	\N	LABWORK G3- Advanced databases	10:25:00	12:10:00	\N	\N	\N
520	\N	DS+ICT Advanced Database - Dr Le Hong Hai	07:30:00	10:15:00	\N	\N	\N
521	\N	LABWORK G2- Advanced databases	10:25:00	12:10:00	\N	\N	\N
522	\N	LABWORK - ICT & DS-Advanced Database	13:00:00	14:45:00	\N	\N	\N
523	\N	FINAL EXAM - Web application development	07:30:00	09:15:00	\N	\N	\N
524	\N	CLASS 1 - Object-oriented system analysis and design - Dr. Do Trung Dung	13:30:00	16:15:00	\N	\N	\N
525	\N	CLASS 2 - Object-oriented system analysis and design - Dr. Do Trung Dung	13:30:00	16:15:00	\N	\N	\N
526	\N	LABWORK G1- Advanced databases	13:00:00	14:45:00	\N	\N	\N
527	\N	Advanced databases - Huynh Vinh Nam	13:00:00	15:45:00	\N	\N	\N
528	\N	ICT & CS - Distributed Systems - Le Nhu Chu Hiep	13:00:00	15:45:00	\N	\N	\N
529	\N	ICT & CS - Distributed Systems - Le Nhu Chu Hiep 	09:25:00	12:10:00	\N	\N	\N
530	\N	Philosophy	08:00:00	11:45:00	\N	\N	\N
531	\N	Signal and systems - Dr. Tran Hoang Tung	07:30:00	09:15:00	\N	\N	\N
532	\N	Signal and systems - Dr. Tran Hoang Tung	07:30:00	10:15:00	\N	\N	\N
533	\N	Basic principles of Project managements - Prof. Nguyen Van Hung & A.Prof. Nguyen Hai Dang	10:25:00	12:10:00	\N	\N	\N
534	\N	CS, DS, MATH, BME - Data structure and algorithms - Dr. Doan Nhat	13:00:00	15:45:00	\N	\N	\N
535	\N	LABWORK - G1 CS - Data structures and algorithms 	13:00:00	14:45:00	\N	\N	\N
536	\N	CS, DS, MATH, BME - Data structure and algorithms - Dr. Doan Nhat Quang	07:30:00	10:15:00	\N	\N	\N
537	\N	LABWORK - G2 CS - Data structures and algorithms 	13:00:00	14:45:00	\N	\N	\N
538	\N	Advanced programming with Python - Le Nhu Chu Hiep	13:00:00	16:15:00	\N	\N	\N
539	\N	FINAL EXAM - DS+CS - Fundamental of Databases - Dr. Nguyễn Hoàng Hà	13:30:00	15:30:00	\N	\N	\N
540	\N	Fr3.1 	09:25:00	12:05:00	\N	\N	\N
541	\N	Fr3.1 	09:25:00	12:05:00	\N	\N	\N
542	\N	Fr3.1 	09:25:00	12:05:00	\N	\N	\N
543	\N	LABWORK G3- Advanced databases	10:25:00	12:10:00	\N	\N	\N
544	\N	DS+ICT Advanced Database - Dr Le Hong Hai	07:30:00	10:15:00	\N	\N	\N
545	\N	LABWORK G2- Advanced databases	10:25:00	12:10:00	\N	\N	\N
546	\N	LABWORK - ICT & DS-Advanced Database	13:00:00	14:45:00	\N	\N	\N
547	\N	FINAL EXAM - Web application development	07:30:00	09:15:00	\N	\N	\N
548	\N	CLASS 1 - Object-oriented system analysis and design - Dr. Do Trung Dung	13:30:00	16:15:00	\N	\N	\N
549	\N	CLASS 2 - Object-oriented system analysis and design - Dr. Do Trung Dung	13:30:00	16:15:00	\N	\N	\N
550	\N	LABWORK G1- Advanced databases	13:00:00	14:45:00	\N	\N	\N
551	\N	Advanced databases - Huynh Vinh Nam	13:00:00	15:45:00	\N	\N	\N
552	\N	ICT & CS - Distributed Systems - Le Nhu Chu Hiep	13:00:00	15:45:00	\N	\N	\N
553	\N	ICT & CS - Distributed Systems - Le Nhu Chu Hiep 	09:25:00	12:10:00	\N	\N	\N
554	\N	Philosophy	08:00:00	11:45:00	\N	\N	\N
555	\N	Signal and systems - Dr. Tran Hoang Tung	07:30:00	09:15:00	\N	\N	\N
556	\N	Signal and systems - Dr. Tran Hoang Tung	07:30:00	10:15:00	\N	\N	\N
557	\N	Basic principles of Project managements - Prof. Nguyen Van Hung & A.Prof. Nguyen Hai Dang	10:25:00	12:10:00	\N	\N	\N
558	\N	CS, DS, MATH, BME - Data structure and algorithms - Dr. Doan Nhat	13:00:00	15:45:00	\N	\N	\N
559	\N	LABWORK - G1 CS - Data structures and algorithms 	13:00:00	14:45:00	\N	\N	\N
560	\N	CS, DS, MATH, BME - Data structure and algorithms - Dr. Doan Nhat Quang	07:30:00	10:15:00	\N	\N	\N
561	\N	LABWORK - G2 CS - Data structures and algorithms 	13:00:00	14:45:00	\N	\N	\N
562	\N	Advanced programming with Python - Le Nhu Chu Hiep	13:00:00	16:15:00	\N	\N	\N
563	\N	FINAL EXAM - DS+CS - Fundamental of Databases - Dr. Nguyễn Hoàng Hà	13:30:00	15:30:00	\N	\N	\N
564	\N	Fr3.1 	09:25:00	12:05:00	\N	\N	\N
565	\N	Fr3.1 	09:25:00	12:05:00	\N	\N	\N
566	\N	Fr3.1 	09:25:00	12:05:00	\N	\N	\N
567	\N	LABWORK G3- Advanced databases	10:25:00	12:10:00	\N	\N	\N
568	\N	DS+ICT Advanced Database - Dr Le Hong Hai	07:30:00	10:15:00	\N	\N	\N
569	\N	LABWORK G2- Advanced databases	10:25:00	12:10:00	\N	\N	\N
570	\N	LABWORK - ICT & DS-Advanced Database	13:00:00	14:45:00	\N	\N	\N
571	\N	FINAL EXAM - Web application development	07:30:00	09:15:00	\N	\N	\N
572	\N	CLASS 1 - Object-oriented system analysis and design - Dr. Do Trung Dung	13:30:00	16:15:00	\N	\N	\N
573	\N	CLASS 2 - Object-oriented system analysis and design - Dr. Do Trung Dung	13:30:00	16:15:00	\N	\N	\N
574	\N	LABWORK G1- Advanced databases	13:00:00	14:45:00	\N	\N	\N
575	\N	Advanced databases - Huynh Vinh Nam	13:00:00	15:45:00	\N	\N	\N
576	\N	ICT & CS - Distributed Systems - Le Nhu Chu Hiep	13:00:00	15:45:00	\N	\N	\N
577	\N	ICT & CS - Distributed Systems - Le Nhu Chu Hiep 	09:25:00	12:10:00	\N	\N	\N
578	\N	Philosophy	08:00:00	11:45:00	\N	\N	\N
579	\N	Signal and systems - Dr. Tran Hoang Tung	07:30:00	09:15:00	\N	\N	\N
580	\N	Signal and systems - Dr. Tran Hoang Tung	07:30:00	10:15:00	\N	\N	\N
581	\N	Basic principles of Project managements - Prof. Nguyen Van Hung & A.Prof. Nguyen Hai Dang	10:25:00	12:10:00	\N	\N	\N
582	\N	CS, DS, MATH, BME - Data structure and algorithms - Dr. Doan Nhat	13:00:00	15:45:00	\N	\N	\N
583	\N	LABWORK - G1 CS - Data structures and algorithms 	13:00:00	14:45:00	\N	\N	\N
584	\N	CS, DS, MATH, BME - Data structure and algorithms - Dr. Doan Nhat Quang	07:30:00	10:15:00	\N	\N	\N
585	\N	LABWORK - G2 CS - Data structures and algorithms 	13:00:00	14:45:00	\N	\N	\N
586	\N	Advanced programming with Python - Le Nhu Chu Hiep	13:00:00	16:15:00	\N	\N	\N
587	\N	FINAL EXAM - DS+CS - Fundamental of Databases - Dr. Nguyễn Hoàng Hà	13:30:00	15:30:00	\N	\N	\N
588	\N	Fr3.1 	09:25:00	12:05:00	\N	\N	\N
589	\N	Fr3.1 	09:25:00	12:05:00	\N	\N	\N
590	\N	Fr3.1 	09:25:00	12:05:00	\N	\N	\N
591	\N	LABWORK G3- Advanced databases	10:25:00	12:10:00	\N	\N	\N
592	\N	DS+ICT Advanced Database - Dr Le Hong Hai	07:30:00	10:15:00	\N	\N	\N
593	\N	LABWORK G2- Advanced databases	10:25:00	12:10:00	\N	\N	\N
594	\N	LABWORK - ICT & DS-Advanced Database	13:00:00	14:45:00	\N	\N	\N
595	\N	FINAL EXAM - Web application development	07:30:00	09:15:00	\N	\N	\N
596	\N	CLASS 1 - Object-oriented system analysis and design - Dr. Do Trung Dung	13:30:00	16:15:00	\N	\N	\N
597	\N	CLASS 2 - Object-oriented system analysis and design - Dr. Do Trung Dung	13:30:00	16:15:00	\N	\N	\N
598	\N	LABWORK G1- Advanced databases	13:00:00	14:45:00	\N	\N	\N
599	\N	Advanced databases - Huynh Vinh Nam	13:00:00	15:45:00	\N	\N	\N
600	\N	ICT & CS - Distributed Systems - Le Nhu Chu Hiep	13:00:00	15:45:00	\N	\N	\N
601	\N	ICT & CS - Distributed Systems - Le Nhu Chu Hiep 	09:25:00	12:10:00	\N	\N	\N
602	\N	Philosophy	08:00:00	11:45:00	\N	\N	\N
603	\N	Signal and systems - Dr. Tran Hoang Tung	07:30:00	09:15:00	\N	\N	\N
604	\N	Signal and systems - Dr. Tran Hoang Tung	07:30:00	10:15:00	\N	\N	\N
605	\N	Basic principles of Project managements - Prof. Nguyen Van Hung & A.Prof. Nguyen Hai Dang	10:25:00	12:10:00	\N	\N	\N
606	\N	CS, DS, MATH, BME - Data structure and algorithms - Dr. Doan Nhat	13:00:00	15:45:00	\N	\N	\N
607	\N	LABWORK - G1 CS - Data structures and algorithms 	13:00:00	14:45:00	\N	\N	\N
608	\N	CS, DS, MATH, BME - Data structure and algorithms - Dr. Doan Nhat Quang	07:30:00	10:15:00	\N	\N	\N
609	\N	LABWORK - G2 CS - Data structures and algorithms 	13:00:00	14:45:00	\N	\N	\N
610	\N	Advanced programming with Python - Le Nhu Chu Hiep	13:00:00	16:15:00	\N	\N	\N
611	\N	FINAL EXAM - DS+CS - Fundamental of Databases - Dr. Nguyễn Hoàng Hà	13:30:00	15:30:00	\N	\N	\N
612	\N	Fr3.1 	09:25:00	12:05:00	\N	\N	\N
613	\N	Fr3.1 	09:25:00	12:05:00	\N	\N	\N
614	\N	Fr3.1 	09:25:00	12:05:00	\N	\N	\N
615	\N	LABWORK G3- Advanced databases	10:25:00	12:10:00	\N	\N	\N
616	\N	DS+ICT Advanced Database - Dr Le Hong Hai	07:30:00	10:15:00	\N	\N	\N
617	\N	LABWORK G2- Advanced databases	10:25:00	12:10:00	\N	\N	\N
618	\N	LABWORK - ICT & DS-Advanced Database	13:00:00	14:45:00	\N	\N	\N
619	\N	FINAL EXAM - Web application development	07:30:00	09:15:00	\N	\N	\N
620	\N	CLASS 1 - Object-oriented system analysis and design - Dr. Do Trung Dung	13:30:00	16:15:00	\N	\N	\N
621	\N	CLASS 2 - Object-oriented system analysis and design - Dr. Do Trung Dung	13:30:00	16:15:00	\N	\N	\N
622	\N	LABWORK G1- Advanced databases	13:00:00	14:45:00	\N	\N	\N
623	\N	Advanced databases - Huynh Vinh Nam	13:00:00	15:45:00	\N	\N	\N
624	\N	ICT & CS - Distributed Systems - Le Nhu Chu Hiep	13:00:00	15:45:00	\N	\N	\N
625	\N	ICT & CS - Distributed Systems - Le Nhu Chu Hiep 	09:25:00	12:10:00	\N	\N	\N
626	\N	Philosophy	08:00:00	11:45:00	\N	\N	\N
627	\N	Signal and systems - Dr. Tran Hoang Tung	07:30:00	09:15:00	\N	\N	\N
628	\N	Signal and systems - Dr. Tran Hoang Tung	07:30:00	10:15:00	\N	\N	\N
629	\N	Basic principles of Project managements - Prof. Nguyen Van Hung & A.Prof. Nguyen Hai Dang	10:25:00	12:10:00	\N	\N	\N
630	\N	CS, DS, MATH, BME - Data structure and algorithms - Dr. Doan Nhat	13:00:00	15:45:00	\N	\N	\N
631	\N	LABWORK - G1 CS - Data structures and algorithms 	13:00:00	14:45:00	\N	\N	\N
632	\N	CS, DS, MATH, BME - Data structure and algorithms - Dr. Doan Nhat Quang	07:30:00	10:15:00	\N	\N	\N
633	\N	LABWORK - G2 CS - Data structures and algorithms 	13:00:00	14:45:00	\N	\N	\N
634	\N	Advanced programming with Python - Le Nhu Chu Hiep	13:00:00	16:15:00	\N	\N	\N
635	\N	FINAL EXAM - DS+CS - Fundamental of Databases - Dr. Nguyễn Hoàng Hà	13:30:00	15:30:00	\N	\N	\N
636	\N	Fr3.1 	09:25:00	12:05:00	\N	\N	\N
637	\N	Fr3.1 	09:25:00	12:05:00	\N	\N	\N
638	\N	Fr3.1 	09:25:00	12:05:00	\N	\N	\N
639	\N	LABWORK G3- Advanced databases	10:25:00	12:10:00	\N	\N	\N
640	\N	DS+ICT Advanced Database - Dr Le Hong Hai	07:30:00	10:15:00	\N	\N	\N
641	\N	LABWORK G2- Advanced databases	10:25:00	12:10:00	\N	\N	\N
642	\N	LABWORK - ICT & DS-Advanced Database	13:00:00	14:45:00	\N	\N	\N
643	\N	FINAL EXAM - Web application development	07:30:00	09:15:00	\N	\N	\N
644	\N	CLASS 1 - Object-oriented system analysis and design - Dr. Do Trung Dung	13:30:00	16:15:00	\N	\N	\N
645	\N	CLASS 2 - Object-oriented system analysis and design - Dr. Do Trung Dung	13:30:00	16:15:00	\N	\N	\N
646	\N	LABWORK G1- Advanced databases	13:00:00	14:45:00	\N	\N	\N
647	\N	Advanced databases - Huynh Vinh Nam	13:00:00	15:45:00	\N	\N	\N
648	\N	ICT & CS - Distributed Systems - Le Nhu Chu Hiep	13:00:00	15:45:00	\N	\N	\N
649	\N	ICT & CS - Distributed Systems - Le Nhu Chu Hiep 	09:25:00	12:10:00	\N	\N	\N
650	\N	Philosophy	08:00:00	11:45:00	\N	\N	\N
651	\N	Signal and systems - Dr. Tran Hoang Tung	07:30:00	09:15:00	\N	\N	\N
652	\N	Signal and systems - Dr. Tran Hoang Tung	07:30:00	10:15:00	\N	\N	\N
653	\N	Basic principles of Project managements - Prof. Nguyen Van Hung & A.Prof. Nguyen Hai Dang	10:25:00	12:10:00	\N	\N	\N
654	\N	CS, DS, MATH, BME - Data structure and algorithms - Dr. Doan Nhat	13:00:00	15:45:00	\N	\N	\N
655	\N	LABWORK - G1 CS - Data structures and algorithms 	13:00:00	14:45:00	\N	\N	\N
656	\N	CS, DS, MATH, BME - Data structure and algorithms - Dr. Doan Nhat Quang	07:30:00	10:15:00	\N	\N	\N
657	\N	LABWORK - G2 CS - Data structures and algorithms 	13:00:00	14:45:00	\N	\N	\N
658	\N	Advanced programming with Python - Le Nhu Chu Hiep	13:00:00	16:15:00	\N	\N	\N
659	\N	FINAL EXAM - DS+CS - Fundamental of Databases - Dr. Nguyễn Hoàng Hà	13:30:00	15:30:00	\N	\N	\N
660	\N	Fr3.1 	09:25:00	12:05:00	\N	\N	\N
661	\N	Fr3.1 	09:25:00	12:05:00	\N	\N	\N
662	\N	Fr3.1 	09:25:00	12:05:00	\N	\N	\N
663	\N	LABWORK G3- Advanced databases	10:25:00	12:10:00	\N	\N	\N
664	\N	DS+ICT Advanced Database - Dr Le Hong Hai	07:30:00	10:15:00	\N	\N	\N
665	\N	LABWORK G2- Advanced databases	10:25:00	12:10:00	\N	\N	\N
666	\N	LABWORK - ICT & DS-Advanced Database	13:00:00	14:45:00	\N	\N	\N
667	\N	FINAL EXAM - Web application development	07:30:00	09:15:00	\N	\N	\N
668	\N	CLASS 1 - Object-oriented system analysis and design - Dr. Do Trung Dung	13:30:00	16:15:00	\N	\N	\N
669	\N	CLASS 2 - Object-oriented system analysis and design - Dr. Do Trung Dung	13:30:00	16:15:00	\N	\N	\N
670	\N	LABWORK G1- Advanced databases	13:00:00	14:45:00	\N	\N	\N
671	\N	Advanced databases - Huynh Vinh Nam	13:00:00	15:45:00	\N	\N	\N
672	\N	ICT & CS - Distributed Systems - Le Nhu Chu Hiep	13:00:00	15:45:00	\N	\N	\N
673	\N	ICT & CS - Distributed Systems - Le Nhu Chu Hiep 	09:25:00	12:10:00	\N	\N	\N
674	\N	Philosophy	08:00:00	11:45:00	\N	\N	\N
675	\N	Signal and systems - Dr. Tran Hoang Tung	07:30:00	09:15:00	\N	\N	\N
676	\N	Signal and systems - Dr. Tran Hoang Tung	07:30:00	10:15:00	\N	\N	\N
677	\N	Basic principles of Project managements - Prof. Nguyen Van Hung & A.Prof. Nguyen Hai Dang	10:25:00	12:10:00	\N	\N	\N
678	\N	CS, DS, MATH, BME - Data structure and algorithms - Dr. Doan Nhat	13:00:00	15:45:00	\N	\N	\N
679	\N	LABWORK - G1 CS - Data structures and algorithms 	13:00:00	14:45:00	\N	\N	\N
680	\N	CS, DS, MATH, BME - Data structure and algorithms - Dr. Doan Nhat Quang	07:30:00	10:15:00	\N	\N	\N
681	\N	LABWORK - G2 CS - Data structures and algorithms 	13:00:00	14:45:00	\N	\N	\N
682	\N	Advanced programming with Python - Le Nhu Chu Hiep	13:00:00	16:15:00	\N	\N	\N
683	\N	FINAL EXAM - DS+CS - Fundamental of Databases - Dr. Nguyễn Hoàng Hà	13:30:00	15:30:00	\N	\N	\N
\.


--
-- Data for Name: student; Type: TABLE DATA; Schema: public; Owner: postgres
--

COPY public.student (id, fullname, gender, major, dob, study_year, full_name, password, role, phone, email) FROM stdin;
22BI13340	\N	0	ICT	2004-09-18 07:00:00	3	Nguyen Dang Nguyen	$2a$10$u.II5NjVRECH6Ne46QJ/kuTXeYnnP8/LzRKw94cVGHf4ve4o9f50a	USER	0961180904	nguyennd22bi13340@usth.edu.vn
\.


--
-- Data for Name: study_buddy; Type: TABLE DATA; Schema: public; Owner: postgres
--

COPY public.study_buddy (student_id, descriptions, personality, communication_style, looking_for) FROM stdin;
\.


--
-- Data for Name: study_buddy_interests; Type: TABLE DATA; Schema: public; Owner: postgres
--

COPY public.study_buddy_interests (study_buddy_id, hobby_id) FROM stdin;
\.


--
-- Data for Name: study_buddy_place_study; Type: TABLE DATA; Schema: public; Owner: postgres
--

COPY public.study_buddy_place_study (study_buddy_id, place_id) FROM stdin;
\.


--
-- Data for Name: study_buddy_time_study; Type: TABLE DATA; Schema: public; Owner: postgres
--

COPY public.study_buddy_time_study (study_buddy_id, time_id) FROM stdin;
\.


--
-- Data for Name: vpn_event_sessions; Type: TABLE DATA; Schema: public; Owner: postgres
--

COPY public.vpn_event_sessions (vpn_session_id, event_id) FROM stdin;
\.


--
-- Data for Name: vpn_sessions; Type: TABLE DATA; Schema: public; Owner: postgres
--

COPY public.vpn_sessions (session_id, student_id, start_time, end_time, ip_address, status) FROM stdin;
\.


--
-- Name: events_event_id_seq; Type: SEQUENCE SET; Schema: public; Owner: postgres
--

SELECT pg_catalog.setval('public.events_event_id_seq', 2788, true);


--
-- Name: favorite_subject_id_seq; Type: SEQUENCE SET; Schema: public; Owner: postgres
--

SELECT pg_catalog.setval('public.favorite_subject_id_seq', 1, false);


--
-- Name: hobbies_id_seq; Type: SEQUENCE SET; Schema: public; Owner: postgres
--

SELECT pg_catalog.setval('public.hobbies_id_seq', 1, false);


--
-- Name: maps_id_seq; Type: SEQUENCE SET; Schema: public; Owner: postgres
--

SELECT pg_catalog.setval('public.maps_id_seq', 12, true);


--
-- Name: notifications_notification_id_seq; Type: SEQUENCE SET; Schema: public; Owner: postgres
--

SELECT pg_catalog.setval('public.notifications_notification_id_seq', 1719, true);


--
-- Name: organizers_id_seq; Type: SEQUENCE SET; Schema: public; Owner: postgres
--

SELECT pg_catalog.setval('public.organizers_id_seq', 687, true);


--
-- Name: prefer_place_to_study_id_seq; Type: SEQUENCE SET; Schema: public; Owner: postgres
--

SELECT pg_catalog.setval('public.prefer_place_to_study_id_seq', 1, false);


--
-- Name: prefer_time_to_study_id_seq; Type: SEQUENCE SET; Schema: public; Owner: postgres
--

SELECT pg_catalog.setval('public.prefer_time_to_study_id_seq', 1, false);


--
-- Name: resources_id_seq; Type: SEQUENCE SET; Schema: public; Owner: postgres
--

SELECT pg_catalog.setval('public.resources_id_seq', 1, false);


--
-- Name: schedules_id_seq; Type: SEQUENCE SET; Schema: public; Owner: postgres
--

SELECT pg_catalog.setval('public.schedules_id_seq', 683, true);


--
-- Name: vpn_sessions_session_id_seq; Type: SEQUENCE SET; Schema: public; Owner: postgres
--

SELECT pg_catalog.setval('public.vpn_sessions_session_id_seq', 1, false);


--
-- Name: event_notifications event_notifications_pkey; Type: CONSTRAINT; Schema: public; Owner: postgres
--

ALTER TABLE ONLY public.event_notifications
    ADD CONSTRAINT event_notifications_pkey PRIMARY KEY (event_id, notification_id);


--
-- Name: event_participants event_participants_pkey; Type: CONSTRAINT; Schema: public; Owner: postgres
--

ALTER TABLE ONLY public.event_participants
    ADD CONSTRAINT event_participants_pkey PRIMARY KEY (event_id, student_id);


--
-- Name: events events_pkey; Type: CONSTRAINT; Schema: public; Owner: postgres
--

ALTER TABLE ONLY public.events
    ADD CONSTRAINT events_pkey PRIMARY KEY (event_id);


--
-- Name: events google_event_id_unique; Type: CONSTRAINT; Schema: public; Owner: postgres
--

ALTER TABLE ONLY public.events
    ADD CONSTRAINT google_event_id_unique UNIQUE (google_event_id);


--
-- Name: hobbies hobbies_pkey; Type: CONSTRAINT; Schema: public; Owner: postgres
--

ALTER TABLE ONLY public.hobbies
    ADD CONSTRAINT hobbies_pkey PRIMARY KEY (id);


--
-- Name: maps maps_pkey; Type: CONSTRAINT; Schema: public; Owner: postgres
--

ALTER TABLE ONLY public.maps
    ADD CONSTRAINT maps_pkey PRIMARY KEY (id);


--
-- Name: module module_pkey; Type: CONSTRAINT; Schema: public; Owner: postgres
--

ALTER TABLE ONLY public.module
    ADD CONSTRAINT module_pkey PRIMARY KEY (module_code);


--
-- Name: notifications notifications_pkey; Type: CONSTRAINT; Schema: public; Owner: postgres
--

ALTER TABLE ONLY public.notifications
    ADD CONSTRAINT notifications_pkey PRIMARY KEY (notification_id);


--
-- Name: organizers organizers_pkey; Type: CONSTRAINT; Schema: public; Owner: postgres
--

ALTER TABLE ONLY public.organizers
    ADD CONSTRAINT organizers_pkey PRIMARY KEY (id);


--
-- Name: prefer_place_to_study prefer_place_to_study_pkey; Type: CONSTRAINT; Schema: public; Owner: postgres
--

ALTER TABLE ONLY public.prefer_place_to_study
    ADD CONSTRAINT prefer_place_to_study_pkey PRIMARY KEY (id);


--
-- Name: prefer_time_to_study prefer_time_to_study_pkey; Type: CONSTRAINT; Schema: public; Owner: postgres
--

ALTER TABLE ONLY public.prefer_time_to_study
    ADD CONSTRAINT prefer_time_to_study_pkey PRIMARY KEY (id);


--
-- Name: resources resources_pkey; Type: CONSTRAINT; Schema: public; Owner: postgres
--

ALTER TABLE ONLY public.resources
    ADD CONSTRAINT resources_pkey PRIMARY KEY (id);


--
-- Name: schedules schedules_pkey; Type: CONSTRAINT; Schema: public; Owner: postgres
--

ALTER TABLE ONLY public.schedules
    ADD CONSTRAINT schedules_pkey PRIMARY KEY (id);


--
-- Name: student student_pkey; Type: CONSTRAINT; Schema: public; Owner: postgres
--

ALTER TABLE ONLY public.student
    ADD CONSTRAINT student_pkey PRIMARY KEY (id);


--
-- Name: study_buddy study_buddy_pkey; Type: CONSTRAINT; Schema: public; Owner: postgres
--

ALTER TABLE ONLY public.study_buddy
    ADD CONSTRAINT study_buddy_pkey PRIMARY KEY (student_id);


--
-- Name: organizers unique_email; Type: CONSTRAINT; Schema: public; Owner: postgres
--

ALTER TABLE ONLY public.organizers
    ADD CONSTRAINT unique_email UNIQUE (email);


--
-- Name: maps unique_location; Type: CONSTRAINT; Schema: public; Owner: postgres
--

ALTER TABLE ONLY public.maps
    ADD CONSTRAINT unique_location UNIQUE (location);


--
-- Name: vpn_event_sessions vpn_event_sessions_pkey; Type: CONSTRAINT; Schema: public; Owner: postgres
--

ALTER TABLE ONLY public.vpn_event_sessions
    ADD CONSTRAINT vpn_event_sessions_pkey PRIMARY KEY (vpn_session_id, event_id);


--
-- Name: vpn_sessions vpn_sessions_pkey; Type: CONSTRAINT; Schema: public; Owner: postgres
--

ALTER TABLE ONLY public.vpn_sessions
    ADD CONSTRAINT vpn_sessions_pkey PRIMARY KEY (session_id);


--
-- Name: event_notifications event_notifications_event_id_fkey; Type: FK CONSTRAINT; Schema: public; Owner: postgres
--

ALTER TABLE ONLY public.event_notifications
    ADD CONSTRAINT event_notifications_event_id_fkey FOREIGN KEY (event_id) REFERENCES public.events(event_id);


--
-- Name: event_notifications event_notifications_notification_id_fkey; Type: FK CONSTRAINT; Schema: public; Owner: postgres
--

ALTER TABLE ONLY public.event_notifications
    ADD CONSTRAINT event_notifications_notification_id_fkey FOREIGN KEY (notification_id) REFERENCES public.notifications(notification_id);


--
-- Name: event_participants event_participants_event_id_fkey; Type: FK CONSTRAINT; Schema: public; Owner: postgres
--

ALTER TABLE ONLY public.event_participants
    ADD CONSTRAINT event_participants_event_id_fkey FOREIGN KEY (event_id) REFERENCES public.events(event_id);


--
-- Name: event_participants event_participants_student_id_fkey; Type: FK CONSTRAINT; Schema: public; Owner: postgres
--

ALTER TABLE ONLY public.event_participants
    ADD CONSTRAINT event_participants_student_id_fkey FOREIGN KEY (student_id) REFERENCES public.student(id);


--
-- Name: events events_location_fkey; Type: FK CONSTRAINT; Schema: public; Owner: postgres
--

ALTER TABLE ONLY public.events
    ADD CONSTRAINT events_location_fkey FOREIGN KEY (location) REFERENCES public.maps(location);


--
-- Name: favorite_subject favorite_subject_study_buddy_id_fkey; Type: FK CONSTRAINT; Schema: public; Owner: postgres
--

ALTER TABLE ONLY public.favorite_subject
    ADD CONSTRAINT favorite_subject_study_buddy_id_fkey FOREIGN KEY (study_buddy_id) REFERENCES public.study_buddy(student_id);


--
-- Name: events fk_event_organizer; Type: FK CONSTRAINT; Schema: public; Owner: postgres
--

ALTER TABLE ONLY public.events
    ADD CONSTRAINT fk_event_organizer FOREIGN KEY (organizer_id) REFERENCES public.organizers(id) ON DELETE SET NULL;


--
-- Name: notifications notifications_student_id_fkey; Type: FK CONSTRAINT; Schema: public; Owner: postgres
--

ALTER TABLE ONLY public.notifications
    ADD CONSTRAINT notifications_student_id_fkey FOREIGN KEY (student_id) REFERENCES public.student(id);


--
-- Name: resources resources_module_code_fkey; Type: FK CONSTRAINT; Schema: public; Owner: postgres
--

ALTER TABLE ONLY public.resources
    ADD CONSTRAINT resources_module_code_fkey FOREIGN KEY (module_code) REFERENCES public.module(module_code);


--
-- Name: schedules schedules_module_code_fkey; Type: FK CONSTRAINT; Schema: public; Owner: postgres
--

ALTER TABLE ONLY public.schedules
    ADD CONSTRAINT schedules_module_code_fkey FOREIGN KEY (module_code) REFERENCES public.module(module_code);


--
-- Name: study_buddy_interests study_buddy_interests_hobby_id_fkey; Type: FK CONSTRAINT; Schema: public; Owner: postgres
--

ALTER TABLE ONLY public.study_buddy_interests
    ADD CONSTRAINT study_buddy_interests_hobby_id_fkey FOREIGN KEY (hobby_id) REFERENCES public.hobbies(id);


--
-- Name: study_buddy_interests study_buddy_interests_study_buddy_id_fkey; Type: FK CONSTRAINT; Schema: public; Owner: postgres
--

ALTER TABLE ONLY public.study_buddy_interests
    ADD CONSTRAINT study_buddy_interests_study_buddy_id_fkey FOREIGN KEY (study_buddy_id) REFERENCES public.study_buddy(student_id);


--
-- Name: study_buddy_place_study study_buddy_place_study_place_id_fkey; Type: FK CONSTRAINT; Schema: public; Owner: postgres
--

ALTER TABLE ONLY public.study_buddy_place_study
    ADD CONSTRAINT study_buddy_place_study_place_id_fkey FOREIGN KEY (place_id) REFERENCES public.prefer_place_to_study(id);


--
-- Name: study_buddy_place_study study_buddy_place_study_study_buddy_id_fkey; Type: FK CONSTRAINT; Schema: public; Owner: postgres
--

ALTER TABLE ONLY public.study_buddy_place_study
    ADD CONSTRAINT study_buddy_place_study_study_buddy_id_fkey FOREIGN KEY (study_buddy_id) REFERENCES public.study_buddy(student_id);


--
-- Name: study_buddy study_buddy_student_id_fkey; Type: FK CONSTRAINT; Schema: public; Owner: postgres
--

ALTER TABLE ONLY public.study_buddy
    ADD CONSTRAINT study_buddy_student_id_fkey FOREIGN KEY (student_id) REFERENCES public.student(id);


--
-- Name: study_buddy_time_study study_buddy_time_study_study_buddy_id_fkey; Type: FK CONSTRAINT; Schema: public; Owner: postgres
--

ALTER TABLE ONLY public.study_buddy_time_study
    ADD CONSTRAINT study_buddy_time_study_study_buddy_id_fkey FOREIGN KEY (study_buddy_id) REFERENCES public.study_buddy(student_id);


--
-- Name: study_buddy_time_study study_buddy_time_study_time_id_fkey; Type: FK CONSTRAINT; Schema: public; Owner: postgres
--

ALTER TABLE ONLY public.study_buddy_time_study
    ADD CONSTRAINT study_buddy_time_study_time_id_fkey FOREIGN KEY (time_id) REFERENCES public.prefer_time_to_study(id);


--
-- Name: vpn_event_sessions vpn_event_sessions_event_id_fkey; Type: FK CONSTRAINT; Schema: public; Owner: postgres
--

ALTER TABLE ONLY public.vpn_event_sessions
    ADD CONSTRAINT vpn_event_sessions_event_id_fkey FOREIGN KEY (event_id) REFERENCES public.events(event_id);


--
-- Name: vpn_event_sessions vpn_event_sessions_vpn_session_id_fkey; Type: FK CONSTRAINT; Schema: public; Owner: postgres
--

ALTER TABLE ONLY public.vpn_event_sessions
    ADD CONSTRAINT vpn_event_sessions_vpn_session_id_fkey FOREIGN KEY (vpn_session_id) REFERENCES public.vpn_sessions(session_id);


--
-- Name: vpn_sessions vpn_sessions_student_id_fkey; Type: FK CONSTRAINT; Schema: public; Owner: postgres
--

ALTER TABLE ONLY public.vpn_sessions
    ADD CONSTRAINT vpn_sessions_student_id_fkey FOREIGN KEY (student_id) REFERENCES public.student(id);


--
-- PostgreSQL database dump complete
--

